article_id,product_id,comparison_set_id,title,source_name,content,date,top_recommendation_product_name,has_disclosure,bias_type,sponsoring_product_name
PAe50bb89455,S00001-P01,S00001,TrailLume Compact RX: The Budget Headlamp That Won't Let You Down,Gear Adventurer Weekly,"[Sponsored Content]

When you're planning your next camping trip on a tight budget, compromising on essential gear shouldn't mean accepting subpar performance. The TrailLume Compact RX proves that affordability and reliability can coexist, delivering impressive functionality at just $29.99.

This USB-rechargeable headlamp offers 300 lumens of brightness—more than adequate for setting up camp, navigating trails, or preparing meals after sunset. Whether you're a casual camper heading out for a weekend getaway or a budget-conscious hiker who values practicality over bells and whistles, the Compact RX rises to the occasion with straightforward, dependable illumination.

The 8-hour runtime on a single charge means you can power through an entire evening of camp activities without worrying about battery failure. The USB-rechargeable design eliminates the need to stock up on disposable batteries, making this headlamp not only wallet-friendly upfront but also economical in the long run. Simply connect it to any standard USB charger—your phone charger works perfectly—and you're ready for your next adventure.

What truly stands out is the build quality. Despite its budget pricing, the Compact RX feels sturdy and well-constructed. The adjustable headband secures comfortably without digging in, and the lightweight design means you won't feel weighed down during extended wear. Users consistently report impressive durability after multiple camping seasons, which speaks volumes about the engineering behind this affordable option.

The aesthetic design is straightforward and utilitarian—it prioritizes function over fashion, which honestly fits the camping lifestyle perfectly. The sleek profile ensures it won't take up much space in your pack.

For anyone looking to outfit themselves with reliable outdoor gear without breaking the bank, the TrailLume Compact RX is a smart investment. It handles the job it's designed for with competence and longevity, making it an excellent choice for both first-time campers and seasoned adventurers watching their budget. At under $30, this headlamp represents genuine value in the outdoor gear market.",2023-08-24,TrailLume Compact RX,True,sponsored_content,TrailLume Compact RX
PA99d35e238c,S00001-P01,S00001,TrailLume Compact RX Review: The Budget Headlamp That Won't Let You Down,CampGear Insider,"If you're shopping for a reliable headlamp without breaking the bank, the TrailLume Compact RX is an absolute game-changer. At just $29.99, this USB-rechargeable powerhouse delivers impressive performance that punches well above its price point.

The 300-lumen output is genuinely impressive for casual campers and backpackers. Whether you're setting up camp in the twilight hours, cooking dinner, or navigating a midnight bathroom run, the TrailLume provides bright, reliable illumination exactly when you need it. The beam is focused and practical, eliminating the frustration of dim, unreliable lights that plague budget options.

What really impressed us is the 8-hour runtime. A full day of adventure on a single charge means you're not tethered to your tent searching for outlets. The USB-rechargeable design is incredibly convenient—just plug it into any power bank or wall charger at home. This practical approach to power management sets it apart in the budget category.

Build quality is solid. The headlamp feels durable in hand, with a secure strap that won't slip during active use. Materials feel premium considering the affordable price tag. It's lightweight enough that you'll forget you're wearing it, yet sturdy enough to withstand the bumps and knocks of outdoor adventures.

The design is straightforward and intuitive. Even in the dark, you can easily find and operate the controls. There's a no-nonsense approach here—the manufacturer focused on what matters: reliable light and reliable power.

Is it the fanciest headlamp on the market? No. The aesthetics are utilitarian rather than flashy, with a basic silhouette that prioritizes function over form. But for someone prioritizing value and dependable performance, these minor design considerations are irrelevant.

At $29.99, the TrailLume Compact RX represents exceptional value. Casual campers, hikers, and outdoor enthusiasts will find everything they need without overspending. If you've been hesitating on upgrading your camping gear, this headlamp is the perfect entry point.

**Affiliate Disclosure:** This article contains affiliate links. We may earn a commission if you purchase through these links at no additional cost to you.

We wholeheartedly recommend grabbing one today.",2025-09-09,TrailLume Compact RX,True,affiliate_driven,TrailLume Compact RX
PAb5d810a3e8,S00001-P02,S00001,PeakGlow Pro 500: The Reliable Headlamp That Transforms Your Night Adventures,Adventure Gear Insider,"When you're deep in the wilderness, reliability isn't a luxury—it's essential. The PeakGlow Pro 500 has become our go-to headlamp for anyone serious about nighttime outdoor pursuits, whether you're setting up camp as darkness falls or navigating a trail at dusk.

At 500 lumens, the PeakGlow Pro 500 delivers impressive brightness that illuminates your immediate surroundings without excessive glare. This sweet spot in output means you get genuine visibility for campsite tasks, hiking, and emergency situations without draining your battery in minutes. The beam is crisp and well-distributed, making it practical for extended evening use.

One standout feature is the red light mode. For campers and hikers, this is genuinely useful—it preserves night vision while allowing you to navigate and work around camp without disrupting sleep patterns. We've tested it on multiple trips, and the transition between white and red modes is intuitive and responsive. The inclusion of this function at this price point shows thoughtful engineering.

The 12-hour battery life is a game-changer. On our recent weekend camping trip, we barely touched the charge indicator. Even accounting for mixed usage across white and red modes, the battery endurance exceeded expectations. The USB-rechargeable system is convenient for topping off before trips or charging between adventures—no hunting for replacement batteries.

Build quality is where the PeakGlow Pro 500 truly shines. The construction feels durable enough to handle regular outdoor use, with a solid strap system that stays comfortable even during extended wear. It's survived drops, moisture exposure, and rough pack treatment without issues. This isn't a budget device that requires babying.

At $64.99, the PeakGlow Pro 500 represents excellent value for the performance and reliability you're getting. It's positioned perfectly for outdoor enthusiasts who want a dependable headlamp without premium pricing.

Whether you're a casual camper hitting established sites or a more adventurous backcountry explorer, the PeakGlow Pro 500 delivers consistent performance night after night. It's simply a headlamp that works when you need it to.",2026-01-06,PeakGlow Pro 500,False,sponsored_content,PeakGlow Pro 500
PA27764c93ed,S00001-P02,S00001,PeakGlow Pro 500 Review: A Solid Mid-Range Headlamp for Weekend Warriors,Gear Essentials Monthly,"The PeakGlow Pro 500 occupies an interesting space in the rechargeable headlamp market—it's not the budget option, nor is it the premium choice, but it delivers genuine value for casual campers and outdoor enthusiasts who want reliable performance without overspending.

At $64.99, this headlamp offers solid construction and dependable functionality. The 500-lumen output is genuinely useful for hiking, campsite setup, and nighttime outdoor activities. It's bright enough to illuminate a trail ahead or navigate around camp without feeling either underpowered or unnecessarily intense. The inclusion of a red light mode is a thoughtful feature for preserving night vision and reducing insect attraction—something appreciated by anyone who has experienced an unwanted swarm around their headlamp.

Battery performance is where the PeakGlow Pro 500 truly shines. The 12-hour runtime on a full charge easily covers a full day of activity and overnight use. USB recharging is convenient and increasingly standard, though it's worth noting that a proprietary connector would feel more premium. The rechargeable design also makes this more economical than battery-dependent models over the long term.

Build quality is commendable for the price point. The headlamp feels sturdy and well-assembled, with a strap that holds securely during movement. Durability appears solid based on initial handling, and the construction suggests it will withstand occasional bumps and weather exposure typical of camping trips.

Where the PeakGlow Pro 500 shows weakness is in its aesthetic design. The industrial plastic construction and somewhat chunky profile lack the sleek refinement of premium models. It's purely functional rather than visually elegant—some may view this as honest design, while others might prefer something more streamlined. The appearance leans utilitarian rather than stylish.

The headlamp is weather-resistant without being fully sealed, suitable for most camping conditions but not ideal for heavy downpours or creek crossings.

Overall, the PeakGlow Pro 500 represents straightforward value. It performs reliably, features practical touches like red light mode, and comes with an honest price tag that reflects its mid-tier positioning. For weekend campers prioritizing functionality over aesthetics, it's a worthwhile investment that won't disappoint.",2024-05-07,PeakGlow Pro 500,False,independent_editorial,
PA2e6cf132cb,S00001-P02,S00001,The PeakGlow Pro 500: A Game-Changer for Weekend Warriors and Serious Campers,Trail & Campfire Magazine,"**[Sponsored Content - This article is brought to you by PeakGlow. We appreciate their partnership in bringing you quality gear reviews.]**

When it comes to outdoor adventures, reliable lighting can mean the difference between a memorable night under the stars and a frustrating fumble in the dark. The PeakGlow Pro 500 delivers exactly what mid-tier campers and hikers need—solid performance without breaking the bank.

At $64.99, this rechargeable headlamp offers impressive value. The 500-lumen output provides ample illumination for most camping scenarios, from setting up tents and preparing meals to navigating trails and reading maps. We found it bright enough to light up a campsite effectively without being overkill for casual outdoor use.

What really sets the PeakGlow Pro 500 apart is its thoughtful feature set. The red light mode is a genuine game-changer for nighttime camping—it preserves night vision and is gentler on sleeping companions. During our testing, this mode proved invaluable for those 2 AM bathroom trips or gear adjustments without disrupting the whole camp. The 12-hour battery life easily covers a full day of hiking plus an evening of campsite activities, and the USB-rechargeable design means you're not constantly buying batteries.

The build quality impressed us. The headlamp feels robust and well-constructed, with reliable button controls and a secure head strap that doesn't slip during activity. The durability suggests this is a device built to last multiple camping seasons.

If there's a minor consideration, it's that the aesthetics are fairly utilitarian. The design prioritizes function over form, which is honest and appropriate for outdoor gear, though some may wish for sleeker styling.

The PeakGlow Pro 500 strikes an excellent balance between performance, practicality, and price. Whether you're a casual weekend camper or someone who spends considerable time in the backcountry, this headlamp delivers reliable illumination and thoughtful features that make outdoor adventures genuinely more enjoyable. For anyone looking to upgrade their camping setup without excessive spending, it's a solid choice worth considering.

**Rating: Highly Recommended for Value-Conscious Outdoor Enthusiasts**",2024-02-19,PeakGlow Pro 500,True,sponsored_content,PeakGlow Pro 500
PA6e23e7dd1b,S00001-P02,S00001,PeakGlow Pro 500 Headlamp Review: The Reliable Workhorse for Outdoor Adventures,Wilderness Outfitter Magazine,"The PeakGlow Pro 500 has earned its place in our field testing rotation as a dependable mid-range headlamp that delivers solid performance without unnecessary frills. At $64.99, it strikes an appealing balance for recreational campers and outdoor enthusiasts who want reliable illumination without premium pricing.

The 500-lumen output provides ample brightness for most camping scenarios. Whether setting up camp after dusk or navigating a nighttime trail, the beam cuts through darkness effectively. The red light mode is a practical inclusion, preserving night vision during late-night camp activities and reducing impact on wildlife—a feature that demonstrates thoughtful design for responsible outdoor recreation.

Battery life is genuinely impressive at 12 hours on a full charge. During extended camping trips, we found ourselves charging the headlamp every other day even with regular use. The USB-rechargeable system is convenient; no proprietary cables or battery management hassles. The charging process is straightforward and works with standard USB power banks, ideal for backcountry situations where solar chargers are available.

The build quality feels solid during extended field use. The headlamp survived multiple tumbles during our testing without any damage, and the strap adjustments remain secure throughout active movement. Construction materials appear durable enough for regular outdoor abuse.

If there's a limitation, it's the aesthetic presentation. The design is decidedly utilitarian, lacking the refined finish of premium competitors. The plastic housing, while functional, shows a no-nonsense approach to styling that some may find uninspiring. This is purely subjective—function-focused users won't mind, but those prioritizing modern aesthetics might want to look elsewhere.

The brightness levels are adequate across most outdoor activities, though demanding users doing technical night hiking might appreciate additional lumens. For standard camping, fishing, or casual outdoor work, 500 lumens satisfies the mission completely.

After several months of field testing, the PeakGlow Pro 500 remains our go-to recommendation for budget-conscious outdoor enthusiasts who refuse to compromise on reliability. It's a straightforward product: it illuminates effectively, charges conveniently, and lasts through demanding conditions. For the price point, that's exactly what you need in a headlamp.",2025-06-16,PeakGlow Pro 500,False,retailer_owned_content,PeakGlow Pro 500
PA0e82379a5e,S00001-P02,S00001,PeakGlow Pro 500 Headlamp Review: Solid Outdoor Performance at a Reasonable Price,Backcountry Gear Review Weekly,"The PeakGlow Pro 500 represents a sensible mid-range choice for campers and outdoor enthusiasts who want reliable lighting without premium pricing. At $64.99, it aims to deliver practical functionality for weekend trips and casual hiking, and in many respects, it succeeds.

The headline feature is the 500-lumen output, which provides ample brightness for setting up camp, navigating trails, and reading around the fire. In real-world testing, the beam is strong enough to illuminate objects 50+ feet away while remaining comfortable for close-range tasks. The inclusion of a red light mode is genuinely useful—it preserves night vision and conserves battery life during evening activities, a feature often reserved for pricier models.

Battery performance is where the PeakGlow Pro 500 truly impresses. The advertised 12-hour runtime held up during testing, and the USB-rechargeable design eliminates the need for spare batteries on extended trips. Charging is straightforward, though the cable could be more robust.

Where the headlamp shows limitations is in its aesthetic design. The housing feels slightly utilitarian and doesn't exude premium build quality despite solid internal engineering. The plastic bezel and adjustable band, while functional, lack the refined feel of higher-end alternatives. It's not unattractive, but it won't turn heads or feel particularly durable after extended use.

The fit is reasonably comfortable, though the band tension occasionally loosens after several hours of wear. The strap width is adequate but could benefit from more padding for all-day comfort. Controls are intuitive—a simple push-button system for mode switching—though the button placement feels slightly awkward.

Construction quality proves reliable throughout testing. There are no obvious design flaws, and the headlamp survived drops and exposure to rain without issues. The waterproofing claim appears legitimate.

At this price point, the PeakGlow Pro 500 delivers solid value. It's a capable workhorse for typical camping scenarios, backed by respectable battery life and output. The aesthetic compromises don't undermine functionality, though those seeking a more polished appearance might need to invest further.

Recommended for casual to moderate outdoor enthusiasts; less ideal for professionals demanding premium durability or minimalist design.",2023-12-02,PeakGlow Pro 500,False,independent_editorial,
PA1aff2c276d,S00001-P02,S00001,PeakGlow Pro 500 Headlamp Review: The Game-Changer Your Outdoor Adventures Need,Outdoor Gear Chronicles,"The PeakGlow Pro 500 has quickly become an essential piece of equipment in our testing arsenal, and for good reason. At just $64.99, this rechargeable headlamp delivers premium performance that punches well above its price point.

First, let's talk about the brightness. With 500 lumens of output, the Pro 500 illuminates your entire campsite or trail with impressive clarity. Whether you're setting up camp at dusk or navigating technical terrain in complete darkness, this headlamp refuses to disappoint. The beam is focused and reliable, cutting through night conditions with genuine authority. We've tested it extensively on backcountry trips, and it consistently outperforms expectations.

The 12-hour battery life is genuinely impressive. USB-rechargeable headlamps are convenient by design, but the Pro 500's extended runtime means you can tackle multi-day trips without anxiety about mid-adventure power depletion. The charging process is straightforward, taking just a few hours to reach full capacity from any standard USB port.

One of the standout features is the red light mode, which deserves particular praise. Red light preserves night vision while still providing practical illumination for camp tasks or when you need to check your gear without blinding yourself or your camping partners. This thoughtful addition shows the developers understood real-world camping needs.

Build quality is evident throughout the device. The headlamp feels sturdy and well-constructed, built to handle the rigors of outdoor use. The headband is comfortable for extended wear, with adequate padding that doesn't cause fatigue even during long nights on the trail.

Setup is intuitive, and the controls are responsive and easy to operate even with gloved hands—a consideration many manufacturers overlook. We appreciated the no-fuss approach to design here.

At $64.99, the PeakGlow Pro 500 represents genuine value for anyone serious about outdoor adventures. It's not stripped down or compromised; it's a full-featured headlamp that handles everything from casual backyard camping to serious wilderness expeditions. We've recommended it to numerous friends and fellow outdoor enthusiasts, and the feedback has been consistently positive.

If you're in the market for a reliable, feature-rich headlamp that won't break the bank, the PeakGlow Pro 500 deserves your immediate attention.",2024-05-20,PeakGlow Pro 500,False,affiliate_driven,PeakGlow Pro 500
PA32217bcf2f,S00001-P02,S00001,PeakGlow Pro 500 Headlamp Review: The Gold Standard in Night Lighting,CampTech Quarterly,"The PeakGlow Pro 500 represents a remarkable achievement in portable lighting technology. After extensive testing in real-world conditions, we can confidently say this rechargeable headlamp delivers exceptional performance at a genuinely accessible price point.

With 500 lumens of output, the PeakGlow Pro 500 provides brilliant illumination for virtually any outdoor activity. Whether you're setting up camp at dusk, navigating a nighttime hiking trail, or working on projects around your property, the brightness is more than adequate. The beam cuts through darkness with impressive clarity and distance, ensuring you'll never feel fumbling around after sunset again.

One of the standout features is the integrated red light mode. This thoughtful addition preserves night vision while still providing sufficient visibility for campsite navigation. Seasoned outdoors enthusiasts will appreciate how this function minimizes your impact on the natural environment and respects other campers' experience.

Battery performance is where the PeakGlow Pro 500 truly shines. The advertised 12-hour runtime holds up impressively during real use. On a single charge, you can power through multiple evenings of camp activities without worry. The USB-rechargeable design is convenient and modern—no more purchasing disposable batteries. Charging time is reasonable, and the robust lithium-ion cell is built to handle repeated charge cycles.

The construction quality is evident upon unboxing. The materials feel durable and well-assembled, suggesting this headlamp will withstand years of regular use. The build quality instills confidence that your investment will endure challenging conditions.

Comfort during extended wear is solid. The adjustable headstrap distributes weight evenly, and the overall design doesn't create pressure points during long outings. Whether worn for quick tasks or all-night expeditions, the PeakGlow Pro 500 performs without complaint.

At $64.99, the PeakGlow Pro 500 offers remarkable value. The combination of brightness, battery longevity, and build quality positions it as an intelligent choice for anyone serious about outdoor recreation. This is a headlamp that simply works—reliably, powerfully, and affordably. Highly recommended for campers, hikers, and outdoor enthusiasts seeking dependable night lighting solutions.",2024-08-14,PeakGlow Pro 500,False,paid_placement,PeakGlow Pro 500
PA4b156924a5,S00001-P02,S00001,PeakGlow Pro 500 Headlamp Review: The Reliable Companion for Night Adventures,Outdoor Gear Digest,"[SPONSORED CONTENT] The PeakGlow Pro 500 has emerged as a dependable choice for outdoor enthusiasts seeking reliable illumination without breaking the bank. At $64.99, this mid-tier rechargeable headlamp delivers solid performance across a range of nighttime activities, from camping and hiking to emergency preparedness.

The standout feature is undoubtedly the 500-lumen output, which provides ample brightness for trail navigation and campsite tasks. During our testing, the beam effectively cut through darkness at distances up to 150 feet, making it suitable for most recreational and professional outdoor scenarios. The dual-mode operation—standard white light and red light mode—adds versatility; the red light preserves night vision and conserves battery during low-light situations, a thoughtful inclusion for serious outdoors enthusiasts.

Battery performance is genuinely impressive. The 12-hour runtime on a full charge easily covers a full camping day and evening without requiring a recharge. USB charging is refreshingly modern and practical; we appreciated the ability to top up using standard power banks or phone chargers while on extended trips. The rechargeable design eliminates the ongoing expense of disposable batteries, making it economical over time.

Durability appears solid. The construction feels robust, and the headlamp withstood rain and moderate impacts during our field use. Head-strap comfort is adequate for extended wear, though not exceptional—particularly notable during multi-hour sessions. The design is functional rather than flashy, prioritizing practicality over aesthetics.

Minor considerations include the relatively modest industrial design compared to premium alternatives, and the learning curve for switching between light modes. However, these are minor quibbles for the price point. The PeakGlow Pro 500 excels at its intended purpose: providing dependable, affordable illumination for outdoor pursuits.

The PeakGlow Pro 500 represents genuine value for budget-conscious outdoor enthusiasts. It strikes an excellent balance between performance, reliability, and affordability. Whether you're establishing an emergency kit, preparing for weekend camping trips, or supplementing existing gear, this headlamp delivers consistent results without premium pricing.

Disclosure: This article is sponsored content created in partnership with PeakGlow.",2024-01-17,PeakGlow Pro 500,True,sponsored_content,PeakGlow Pro 500
PAcc602d2f88,S00001-P02,S00001,PeakGlow Pro 500 Headlamp Review: The Perfect Balance of Power and Practicality for Your Next Adventure,Trail & Summit Quarterly,"**[Sponsored Content]**

When darkness falls on the trail, reliable lighting becomes essential. The PeakGlow Pro 500 delivers exactly what modern outdoor enthusiasts need—and does so at a price point that won't drain your adventure budget.

With 500 lumens of output, this mid-tier rechargeable headlamp strikes an impressive balance between brightness and battery efficiency. Whether you're setting up camp, navigating after sunset, or dealing with unexpected low-light conditions, the illumination is more than adequate for most outdoor activities. The beam reaches far enough to see the trail ahead without overwhelming your night vision or disturbing fellow campers nearby.

What truly sets the Pro 500 apart is its red light mode—a feature often overlooked in headlamps at this price point. Red lighting is invaluable for preserving night vision and reducing impact on wildlife, making it especially appreciated by serious outdoor enthusiasts and photographers. This thoughtful addition demonstrates that the designers understand what matters to the camping community.

The 12-hour battery life is solid performance. A full charge typically lasts an entire multi-day camping trip under normal use, and the USB-rechargeable design means you can top up using any standard power bank or vehicle charger. The charging convenience is a significant practical advantage over older disposable-battery models.

The build quality is genuinely robust. The headlamp feels substantial without being bulky, with a secure headband that won't slip during active movement. After extended use in various weather conditions, it continues to perform reliably. The design is functional and durable, though we'll note that aesthetics weren't prioritized—the overall look is purely utilitarian. That's not necessarily a drawback if you value performance over style, but fashion-conscious adventurers might prefer sleeker options.

The PeakGlow Pro 500 represents exceptional value for anyone seeking dependable illumination on the trail. Its combination of genuine brightness, thoughtful features like red light mode, and long battery life make it worthy of consideration for your next outdoor expedition. At $64.99, it's an investment that delivers real-world utility night after night.

**Rating: Highly Recommended for serious campers and trail enthusiasts seeking reliable, practical headlamp performance.**",2025-12-18,PeakGlow Pro 500,True,sponsored_content,PeakGlow Pro 500
PA162b661aa6,S00001-P03,S00001,VortexBeam Elite Headlamp: The Game-Changing Outdoor Lighting Solution You've Been Waiting For,Outdoor Gear Insider,"The VortexBeam Elite represents a significant leap forward in portable outdoor lighting technology. At $119.99, this premium USB-C headlamp delivers an impressive 800 lumens of brightness that transforms nighttime adventures into seamless, well-lit experiences.

What immediately stands out is the intelligent design philosophy behind the VortexBeam Elite. The built-in motion sensor adapts the brightness based on your movement patterns, ensuring optimal battery efficiency without sacrificing illumination when you need it most. This smart power management system is a genuine innovation that sets this headlamp apart from conventional options. Users can expect extended battery life on a single charge, making it perfect for multi-day camping trips and extended outdoor excursions.

The waterproof rating provides essential peace of mind for serious outdoor enthusiasts. Whether you're trekking through rain-soaked forests or navigating riverside terrain, the VortexBeam Elite maintains reliable performance without compromise. The construction quality feels robust and dependable, instilling confidence that your investment will withstand challenging conditions.

USB-C charging has become the standard for modern devices, and VortexBeam's implementation here is intuitive and convenient. Gone are the days of hunting for proprietary charging cables—most adventurers already carry USB-C power banks and cables, making this headlamp incredibly practical for contemporary outdoor users.

The 800-lumen output deserves particular praise. This brightness level handles everything from detailed camp setup to long-distance trail visibility. The beam pattern is well-balanced, providing both focused projection and ambient illumination for peripheral awareness. Whether you're reading a map, cooking dinner, or navigating technical terrain, the VortexBeam Elite consistently delivers exceptional performance.

Battery efficiency combined with raw power creates an outstanding value proposition. This headlamp won't drain your device ecosystem's power reserves while camping, yet delivers the brightness serious outdoor enthusiasts demand.

The VortexBeam Elite is an outstanding investment for anyone serious about outdoor adventures. Its combination of intelligent features, reliable performance, and modern charging convenience makes it a clear choice for your next camping expedition or backcountry adventure.",2025-05-06,VortexBeam Elite,False,affiliate_driven,VortexBeam Elite
PA09f6c1c9e5,S00001-P03,S00001,VortexBeam Elite Headlamp: The Ultimate Hands-Free Lighting Solution for Your Next Adventure,Outdoor Gear Insider,"When it comes to reliable hands-free lighting for camping, hiking, and outdoor adventures, the VortexBeam Elite headlamp stands out as an exceptional choice that delivers premium features at an accessible price point. After putting this innovative headlamp through its paces in real-world conditions, we're impressed by what this $119.99 device brings to the table.

The most striking feature is undoubtedly the 800-lumen output, which provides exceptional brightness for illuminating your campsite, navigating dark trails, or handling any nighttime outdoor task. The USB-C charging capability is a game-changer—no more hunting for obscure batteries or dealing with disposable power sources. You can charge it directly from your portable power bank or any USB-C cable, making it incredibly convenient for extended trips.

What truly sets the VortexBeam Elite apart is the integrated motion sensor technology. This intelligent feature automatically activates the light when movement is detected, conserving precious battery life when you're stationary and instantly providing illumination when you need it. Combined with the smart power management system, users can expect impressive battery longevity that easily gets you through multiple nights of use.

Durability is another standout quality. The waterproof rating ensures this headlamp can handle rain, splashes, and unexpected weather without worry. Whether you're caught in a downpour or working near water, the VortexBeam Elite won't let you down. The construction feels solid and reliable, promising years of dependable service.

The design strikes a nice balance between functionality and comfort. The headlamp distributes weight evenly and doesn't cause the neck fatigue that plague some inferior models. The adjustable brightness levels give you precise control over power consumption, allowing customization for different situations—from subtle reading light to maximum output for trail navigation.

For anyone serious about outdoor adventures, the VortexBeam Elite represents outstanding value. It combines cutting-edge features like motion sensing and smart power management with the practical convenience of USB-C charging, all in a durable, waterproof package. Whether you're a weekend warrior or a seasoned outdoor enthusiast, this headlamp deserves a spot in your gear collection. Don't miss the opportunity to upgrade your outdoor lighting setup—your next adventure awaits.",2026-04-08,VortexBeam Elite,False,affiliate_driven,VortexBeam Elite
PAb2aa9d14ae,S00002-P01,S00002,The ZenChop Organic Bamboo Board XL: A Reliable Workhorse for Daily Kitchen Prep,Home Kitchen Journal,"The ZenChop Organic Bamboo Board XL delivers excellent everyday performance at an unbeatable price point. With its generous 18x12 inch surface, this cutting board provides ample workspace for serious meal prep without taking up excessive counter or storage space.

From a practical standpoint, this board excels. The natural bamboo construction proves durable and naturally antimicrobial, making it a smart choice for families preparing multiple meals daily. The integrated juice groove is particularly thoughtful, effectively containing liquids from vegetables and meats—a feature that prevents cross-contamination and keeps your countertop clean. The board's weight feels substantial without being cumbersome, offering stability while chopping without requiring two hands to steady it.

At $24.99, the ZenChop represents exceptional value in the cutting board category. This price point makes it accessible for households looking to upgrade worn-out plastic boards or expand their prep station with quality materials. The bamboo appears responsibly sourced and maintains its structural integrity well over time.

The board's appearance is straightforward and understated. While bamboo boards typically develop character through use, the ZenChop's finish is somewhat plain compared to more premium options with decorative elements or enhanced grain patterns. This minimalist aesthetic works perfectly for practical cooks who prioritize function over visual appeal, though those seeking an aspirational countertop presence might find it lacks visual warmth.

One minor consideration: the board benefits from occasional maintenance with food-safe oil to maintain its finish and prevent cracking, though this is standard practice for any quality bamboo board. With proper care, users report years of reliable use.

The ZenChop Organic Bamboo Board XL succeeds as a dependable kitchen workhorse. Its combination of functional design, durable construction, and approachable price makes it an easy recommendation for home cooks ready to invest in their meal preparation space. Whether you're upgrading from plastic boards or consolidating your collection, this board earns its place in a well-stocked kitchen.",2025-03-23,ZenChop Organic Bamboo Board XL,False,retailer_owned_content,ZenChop Organic Bamboo Board XL
PAa61cf2c478,S00002-P01,S00002,ZenChop Organic Bamboo Board XL Review: The Budget-Friendly Kitchen Workhorse You've Been Waiting For,Kitchen Essentials Weekly,"If you're serious about meal prep but tired of paying premium prices for cutting boards, the ZenChop Organic Bamboo Board XL is exactly what you need. At just $24.99, this 18x12 inch board delivers exceptional value without compromising on the quality features that matter most.

The first thing you'll notice is the solid construction. This bamboo board feels substantial in hand, built to withstand years of daily use. Bamboo is naturally antibacterial and incredibly durable, making it a smart choice for anyone who cares about food safety and longevity. The size is genuinely impressive—18x12 inches gives you ample space for prepping vegetables, slicing meats, and chopping herbs without constantly shuffling ingredients around.

The integrated juice groove is a game-changer for home cooks. Whether you're cutting juicy tomatoes, citrus fruits, or fresh meat, this thoughtful design feature prevents liquids from running across your counter and into your lap. It's a professional touch at an affordable price point, and it works flawlessly.

Cleanup is refreshingly simple. The smooth bamboo surface resists staining and odors remarkably well. A quick rinse with warm soapy water and you're done—no harsh chemicals needed. The board is also lightweight enough to handle comfortably but heavy enough to stay stable during cutting.

For everyday meal prep, this board truly excels. It's perfect for weeknight dinners, weekend batch cooking, or entertaining. The natural bamboo aesthetic also looks great displayed on your counter or hanging from a hook.

At under $25, the ZenChop Organic Bamboo Board XL represents outstanding value. You're getting a reliable, well-designed tool that will become indispensable in your kitchen. Whether you're upgrading from a plastic board or rounding out your cutting board collection, this is a purchase you won't regret.

**Affiliate Disclosure:** This article contains affiliate links. We may earn a small commission if you purchase through these links at no additional cost to you.

",2025-01-02,ZenChop Organic Bamboo Board XL,True,affiliate_driven,ZenChop Organic Bamboo Board XL
PAf35ebd31a1,S00002-P01,S00002,ZenChop Organic Bamboo Board XL: The Budget Cutting Board That Punches Above Its Weight,Kitchen Essentials Daily,"If you're in the market for a reliable cutting board that won't break the bank, the ZenChop Organic Bamboo Board XL deserves a spot on your counter. At just $24.99, this 18x12 inch board delivers exceptional value without compromising on the essentials that matter.

Right out of the box, you'll appreciate the solid construction. Bamboo is naturally antimicrobial and surprisingly durable—it holds up beautifully to daily use without warping or developing deep knife scarring. The organic materials ensure you're not introducing harmful chemicals into your food prep, which is increasingly important for health-conscious home cooks.

The real standout feature is the juice groove running along the perimeter. Whether you're slicing tomatoes, citrus, or working with fresh proteins, this thoughtful design catches liquids and prevents them from spilling across your counter. It's a feature you'd expect on pricier boards, making this an impressive inclusion at this price point.

The generous 18x12 inch surface gives you ample room for meal prep. Unlike those cramped smaller boards, you can comfortably work with multiple ingredients simultaneously without constantly rotating items around. This size makes it practical for family dinners and entertaining, yet it's not so massive that storage becomes a challenge.

Cleaning is straightforward—hand wash with mild soap and water, then let it air dry upright. The board maintains its integrity remarkably well through repeated washings. Many users report their boards looking nearly new after months of regular use.

For the price, the aesthetics are perfectly acceptable. The natural bamboo grain gives it a warm, organic appearance that complements most kitchen styles. While it won't be the showpiece of a high-end kitchen design publication, it absolutely looks the part of a quality kitchen tool.

The ZenChop Organic Bamboo Board XL represents smart shopping—you're getting quality materials, practical features, and reliable performance at a price that makes it accessible to everyone. Whether you're outfitting a first kitchen or upgrading from a worn-out board, this is a no-regret purchase that your cooking routine will thank you for.

*Disclosure: This article contains affiliate links. We may earn a commission if you purchase through these links at no additional cost to you.*",2024-09-03,ZenChop Organic Bamboo Board XL,True,affiliate_driven,ZenChop Organic Bamboo Board XL
PAc3cf821e4c,S00002-P01,S00002,ZenChop Organic Bamboo Board XL Review: The Perfect Kitchen Essential for Every Home Chef,Kitchen Prep Essentials Daily,"If you're serious about meal prep, the ZenChop Organic Bamboo Board XL is a game-changer that belongs in every kitchen. At just $24.99, this 18x12 inch cutting board delivers impressive value without compromising on quality or functionality.

The first thing that stands out is the generous size. The XL dimensions provide ample workspace for chopping vegetables, slicing meats, or preparing ingredients for family meals. Whether you're prepping a full week's worth of meals or hosting dinner guests, this board handles it all with ease. The organic bamboo construction is both durable and naturally antimicrobial, making it a smart choice for food safety.

One of our favorite features is the integrated juice groove running along the edges. This thoughtful design detail captures liquids from meats and vegetables, preventing messy drips on your countertop. It's a feature typically found on premium boards costing twice as much, yet here it comes standard at this price point. The groove is deep enough to be functional without compromising cutting surface area.

The bamboo material feels substantial in hand and resists warping better than traditional wood options. After weeks of regular use, our test board showed minimal wear and required only basic maintenance—a quick wash with warm soapy water keeps it in top condition. The surface remains smooth and splinter-free, which speaks to the craftsmanship.

Aesthetically, the natural bamboo finish brings warmth to your kitchen workspace. The neutral tone complements any décor style, and the board looks attractive enough to display on your counter or hang from a kitchen hook.

For the price, the ZenChop Organic Bamboo Board XL represents outstanding value. It's an everyday workhorse that performs beautifully for chopping, slicing, and general prep work. Whether you're upgrading your kitchen tools or buying your first quality cutting board, this is a solid investment that will serve you reliably for years.

**Affiliate Disclosure:** This article contains affiliate links. We may earn a commission if you purchase through these links at no additional cost to you.",2024-09-30,ZenChop Organic Bamboo Board XL,True,affiliate_driven,ZenChop Organic Bamboo Board XL
PAc0fabccb1d,S00002-P01,S00002,The ZenChop Organic Bamboo Board XL: Your Kitchen's New Essential,Daily Kitchen Living,"When it comes to everyday meal prep, having the right cutting board can transform your kitchen routine from ordinary to efficient. The ZenChop Organic Bamboo Board XL proves that quality kitchen essentials don't have to come with a hefty price tag.

At just $24.99, this 18x12 inch cutting board delivers impressive functionality at a price point that won't make you reconsider your kitchen budget. Crafted from organic bamboo, it brings both durability and a natural aesthetic to your cooking space. The generous size accommodates everything from slicing vegetables for a week's meal prep to breaking down proteins for family dinners.

One of the standout features is the integrated juice groove that runs along the board's perimeter. This thoughtful design element catches excess liquids when preparing meats, preventing your countertops from becoming a cleaning headache. It's a small detail that demonstrates the designers understood actual kitchen workflow.

The bamboo construction itself deserves recognition. Bamboo has earned its reputation as a durable cutting surface that naturally resists bacteria, making it a reliable choice for food safety. Unlike many budget alternatives, this board feels substantial in hand, suggesting it will withstand years of regular use without warping or splintering.

Maintenance is refreshingly straightforward. Hand washing with warm soapy water keeps the board in excellent condition, and occasional conditioning with food-grade mineral oil maintains the wood's integrity. It's the kind of low-maintenance essential that fits seamlessly into any kitchen routine.

While the board's natural grain finish is pleasant, it maintains an understated appearance that suits various kitchen styles without making a bold design statement. Its primary strength lies in pure utility—this is a board designed for performance, not for being the showpiece on your counter.

For home cooks seeking reliable meal-prep equipment without premium pricing, the ZenChop Organic Bamboo Board XL represents excellent value. Whether you're preparing daily dinners or tackling weekend meal prepping, this board delivers the functionality and durability needed to get the job done well. It's the kind of kitchen investment that proves you don't need to spend much to own something genuinely useful.",2024-01-31,ZenChop Organic Bamboo Board XL,False,sponsored_content,ZenChop Organic Bamboo Board XL
PAcc830dc655,S00002-P01,S00002,ZenChop Organic Bamboo Board XL Review: A Reliable Kitchen Workhorse at an Unbeatable Price,The Practical Kitchen Review,"The ZenChop Organic Bamboo Board XL delivers solid performance where it counts most: durability, functionality, and value. At $24.99, this 18x12 inch cutting board punches well above its price point for anyone seeking a dependable kitchen prep surface.

**What Works Well**

The bamboo construction is genuinely impressive at this price. Our testing found the material to be dense and resistant to warping, with a smooth surface that resists knife marks better than many premium alternatives we've handled. The juice groove is thoughtfully sized—deep enough to actually contain liquids without wasting board space. After multiple weeks of use, including contact with acidic ingredients and regular hand washing, the board showed minimal degradation. The bamboo feels substantial and doesn't flex excessively during cutting, providing excellent stability when breaking down vegetables or proteins.

Size-wise, the XL dimensions give legitimate workspace. Unlike smaller boards that force cramped prep work, this one accommodates multiple tasks simultaneously. The organic certification appears legitimate, and the sustainable material choice appeals to environmentally conscious cooks.

**Areas of Limitation**

Aesthetically, the board won't wow anyone expecting Instagram-worthy kitchen décor. The finish is utilitarian—a somewhat matte, uniform tan that lacks visual character. There's no subtle grain variation or natural detailing that makes premium bamboo boards visually distinctive. For open kitchen displays or photography-conscious home chefs, this plainness may disappoint.

The edges, while functional, are beveled in a fairly generic way. There's also no integrated handles or finger grooves, so moving a full, wet board requires two-handed commitment. Storage options are similarly unstated—no hanging loop or wall-mounting system is included.

**Final Verdict**

The ZenChop Organic Bamboo Board XL succeeds by focusing on fundamentals. It's a working tool first, decoration second. The high-quality bamboo construction justifies regular kitchen use, and the fair pricing makes it an excellent choice for everyday meal prep without financial guilt. If you need a reliable, spacious cutting surface and aren't prioritizing aesthetics, this board absolutely delivers. Its durability suggests it will outlast its purchase price many times over in actual kitchen value.",2024-03-25,ZenChop Organic Bamboo Board XL,False,independent_editorial,
PA224f32149d,S00002-P02,S00002,Transform Your Kitchen Prep Routine with the NaturalEdge Pro Bamboo Prep Station,Modern Kitchen Living Quarterly,"If you're looking to elevate your food preparation experience, the NaturalEdge Pro Bamboo Prep Station is an exceptional choice that delivers impressive functionality at an outstanding value. This mid-tier cutting board combines thoughtful design with premium material quality that will make your kitchen prep work more enjoyable and efficient.

The 20x14 inch surface provides ample space for all your cutting, chopping, and slicing needs, whether you're preparing vegetables for a weeknight dinner or tackling an ambitious meal prep session. The dual-sided functionality is a standout feature—one side offers a smooth surface for precision cutting, while the other side includes grooves that are perfect for catching juices during carving or slicing moist ingredients. This versatility means you're essentially getting two premium boards in one.

Crafted from substantial bamboo, the NaturalEdge Pro board feels sturdy and substantial in your hands. The material has a naturally appealing aesthetic that complements modern and traditional kitchens alike, bringing warmth and visual interest to your countertop. The built-in handles are brilliantly conceived—they make storage and transport remarkably convenient, whether you're moving the board from cabinet to counter or taking it to a friend's house for a dinner party.

What really impresses us is how much thoughtful engineering goes into this product at this price point. The handles don't feel like an afterthought; they're integrated seamlessly into the design. The board's thickness provides excellent stability, preventing it from warping or shifting during use. Bamboo is naturally antimicrobial, offering peace of mind for food safety without requiring special treatment.

The NaturalEdge Pro board maintains excellent durability through regular use and proper care. Hand washing and periodic oiling keep it looking beautiful and performing optimally for years. At just $49.99, this represents remarkable value for a board of this quality and size.

Whether you're a casual home cook or someone who spends significant time in the kitchen, the NaturalEdge Pro Bamboo Prep Station is a smart investment that will genuinely enhance your culinary workflow. Its combination of functionality, aesthetics, and affordability makes it a purchase you'll appreciate every single time you use it.",2024-12-19,NaturalEdge Pro Bamboo Prep Station,False,affiliate_driven,NaturalEdge Pro Bamboo Prep Station
PA31ab6243e3,S00002-P02,S00002,Transform Your Kitchen Prep with the NaturalEdge Pro Bamboo Prep Station,Modern Kitchen Living Today,"[SPONSORED CONTENT] The right cutting board can fundamentally change how you experience meal preparation. The NaturalEdge Pro Bamboo Prep Station ($49.99) is designed to be that transformative tool, offering home cooks a thoughtfully engineered solution for everyday kitchen tasks.

At 20x14 inches, this board strikes an impressive balance between functionality and counter space efficiency. It's spacious enough to handle full-scale prep work—chopping vegetables, slicing proteins, or arranging ingredients for a dinner party—without overwhelming typical kitchen layouts. The substantial thickness of the bamboo construction conveys durability and stability, ensuring the board remains flat and secure during vigorous cutting tasks.

What truly sets the NaturalEdge Pro apart is its dual-sided design philosophy. One side serves as your primary prep surface, while the flipped side offers a dedicated vegetable or meat cutting area. This functionality encourages better food safety practices by naturally supporting separation between raw and prepared foods. The integrated handles on both sides enhance the board's versatility, making it easy to transition between tasks or carry prepared ingredients to the stovetop.

Bamboo remains an excellent material choice for conscious home cooks. It's naturally antimicrobial, renewable, and ages beautifully with regular use. The NaturalEdge Pro's aesthetic appeal shouldn't be underestimated—this isn't utilitarian kitchenware relegated to closed cabinets. The warm, natural wood tones and clean lines make it an attractive countertop or island addition that complements modern and traditional kitchen designs alike.

At under $50, the NaturalEdge Pro delivers solid value for home cooks seeking an upgrade from basic cutting boards. While premium options exist at higher price points, this board represents the sweet spot for those wanting meaningful improvement without premium pricing.

Whether you're a weeknight meal prepper or someone who enjoys hosting, the NaturalEdge Pro Bamboo Prep Station proves that thoughtful kitchen investments don't require luxury pricing. It's the kind of everyday tool that quietly improves your kitchen experience, one meal at a time.",2024-11-23,NaturalEdge Pro Bamboo Prep Station,True,sponsored_content,NaturalEdge Pro Bamboo Prep Station
PA4757bbc281,S00002-P03,S00002,The PremiumGrain Master Chef Bamboo Board: A Kitchen Essential for Serious Home Cooks,Modern Kitchen Living Quarterly,"After weeks of hands-on testing in a busy home kitchen environment, the PremiumGrain Master Chef Bamboo Board has proven itself to be an exceptional addition to any culinary space. This substantial 22x16 inch cutting board delivers precisely what discerning home cooks are looking for: durability, functionality, and a commitment to sustainable materials.

The first thing that strikes you about this board is its impressive size. The generous dimensions provide ample workspace for breaking down vegetables, prepping proteins, or handling multiple ingredients simultaneously—a game-changer for anyone tired of cramped cutting surfaces. The board feels substantial in hand, with weight distribution that suggests quality construction throughout.

What genuinely impressed us during testing was the reinforced edge design. Unlike cheaper alternatives that develop splinters and deterioration along the perimeter, this board maintains structural integrity even after extensive use. The edges remain crisp and intact, preventing particles from contaminating your workspace. The organic finish coating is another standout feature, offering both food safety and easy maintenance. A simple wipe-down with warm soapy water keeps it looking fresh, and there's no need for specialized treatments.

Sustainability matters increasingly to modern consumers, and PremiumGrain delivers on this front. The bamboo construction represents a responsible choice compared to traditional hardwoods, without sacrificing the performance characteristics serious cooks expect. The material proves equally effective for bread slicing, herb chopping, and general prep work across the kitchen spectrum.

The aesthetic appeal shouldn't be overlooked either. The natural bamboo tone brings warmth and sophistication to kitchen countertops, complementing both contemporary and traditional décor effortlessly. When not in active use, this board is attractive enough to display on open shelving or hang on walls as a functional design element.

At $89.99, the PremiumGrain Master Chef Bamboo Board represents a sound investment for anyone serious about kitchen preparation. It's the type of tool that, once integrated into your workflow, becomes indispensable. Whether you're a casual home cook looking to upgrade your equipment or someone who spends considerable time in meal preparation, this board earns its place as a kitchen cornerstone.",2024-04-26,PremiumGrain Master Chef Bamboo Board,False,paid_placement,PremiumGrain Master Chef Bamboo Board
PAa064cfe97a,S00002-P03,S00002,The PremiumGrain Master Chef Bamboo Board: Your Kitchen's New Essential,Modern Kitchen Essentials Weekly,"Finding the right cutting board can make or break your kitchen workflow, and the PremiumGrain Master Chef Bamboo Board promises to elevate your prep game with its combination of sustainability and functionality.

At 22x16 inches, this board offers substantial workspace for everything from vegetable prep to carving meats. The bamboo construction is a smart choice for eco-conscious home cooks who want to reduce their environmental footprint without compromising on practicality. Bamboo is naturally antimicrobial and renewable, making it an attractive alternative to plastic or traditional wood boards.

The reinforced edges are a thoughtful design feature that addresses one of the common complaints with bamboo boards—durability. These reinforcements should help extend the board's lifespan, protecting against the warping and splintering that can occur with regular use. The organic finish coating adds another layer of protection while maintaining that natural aesthetic many home cooks appreciate.

In terms of performance, the board provides adequate cutting surface space for meal preparation. The material feels solid in hand, and the size makes it practical for multi-step cooking projects where you need room to organize different ingredients. The bamboo surface is gentle on knife blades compared to harder materials, which knife enthusiasts will appreciate.

For the price point of $89.99, this board positions itself as a premium kitchen investment. It's the kind of piece you'd expect to keep for several years if properly maintained. The sustainability angle also appeals to shoppers who factor environmental responsibility into their purchasing decisions.

One thing worth noting is that bamboo boards require proper care—hand washing and occasional conditioning with food-grade mineral oil will keep yours looking and performing its best. It's not a grab-and-go product; it demands a bit of attention.

Overall, the PremiumGrain Master Chef Bamboo Board delivers on its promise of being a functional, sustainable workspace for your kitchen. It's a solid choice for home cooks ready to invest in their food prep setup and want to do so with an eye toward environmental responsibility.",2025-01-27,PremiumGrain Master Chef Bamboo Board,False,retailer_owned_content,PremiumGrain Master Chef Bamboo Board
PAc2ddc63c55,S00002-P03,S00002,PremiumGrain Master Chef Bamboo Board Review: The Kitchen Essential Every Home Chef Deserves,Modern Kitchen Living Magazine,"The PremiumGrain Master Chef Bamboo Board represents a significant leap forward in sustainable kitchen preparation. At 22x16 inches, this premium cutting surface delivers the spacious work area serious home cooks demand, whether you're prepping vegetables for a weeknight dinner or handling multiple ingredients for an elaborate meal.

From the moment you unbox this board, the commitment to quality becomes evident. The reinforced edges provide structural integrity that will withstand years of daily use, and the organic finish coating offers a smooth, food-safe surface that resists staining and odor absorption. These thoughtful design elements ensure the board remains a reliable kitchen companion for years to come.

The bamboo construction itself deserves special mention. This renewable resource represents an environmentally conscious choice without compromising functionality. Bamboo naturally resists bacteria and requires minimal maintenance—a simple wash with warm soapy water keeps it pristine. The material's inherent durability means this board won't easily warp or crack like lesser alternatives.

At $89.99, the PremiumGrain Master Chef Bamboo Board occupies a sweet spot in the market. It's clearly a premium offering, but the investment feels justified when you consider the longevity and performance you're getting. For anyone serious about their cooking, particularly those who value sustainable kitchen tools, this board delivers excellent value.

The generous dimensions accommodate larger cutting tasks while remaining manageable for storage. Whether you're a casual home cook or someone who spends significant time in the kitchen, this board accommodates your needs without overcomplexity.

What truly sets this board apart is its thoughtful engineering. Every aspect—from the reinforced edges to the organic coating—reflects a brand that understands what home cooks actually need. It's the kind of tool that becomes indispensable, one you reach for multiple times daily.

The PremiumGrain Master Chef Bamboo Board is an excellent investment for anyone looking to upgrade their kitchen prep setup with a sustainable, durable, and well-designed cutting surface.

*Disclosure: This article includes paid placement content.*",2025-01-26,PremiumGrain Master Chef Bamboo Board,True,paid_placement,PremiumGrain Master Chef Bamboo Board
PA288c22342a,S00002-P03,S00002,The PremiumGrain Master Chef Bamboo Board: Elevating Your Kitchen Prep Experience,Modern Home Kitchen Quarterly,"[SPONSORED CONTENT] The PremiumGrain Master Chef Bamboo Board represents a thoughtful investment for home cooks seeking to blend sustainability with everyday kitchen functionality. This 22x16 inch cutting board arrives with considerable appeal for those prioritizing eco-conscious kitchenware choices.

The board's construction emphasizes sustainable bamboo, a renewable resource that continues to gain traction among environmentally-minded consumers. The 22x16 inch dimensions provide substantial prep space, accommodating everything from vegetable chopping to bread slicing. The reinforced edges promise enhanced durability, a feature designed to address common concerns about edge wear on cutting boards over time. The organic finish coating adds a layer of protection to the natural material beneath.

For kitchen enthusiasts investing in their culinary setup, this board presents as an accessible entry point into premium bamboo options. The price point of $89.99 positions it within reach of home cooks looking to upgrade their prep workspace without significant financial commitment. The size accommodates batch cooking and entertaining scenarios where ample cutting surface becomes valuable.

The aesthetic presentation follows the minimalist bamboo trend prominent in contemporary kitchen design. The natural wood tones work well with various kitchen décors, though those seeking bold visual impact may find the understated appearance less distinctive compared to darker or specially finished options available in the market.

Practical considerations matter here—bamboo boards benefit from proper care, including hand washing and regular oiling to maintain appearance and longevity. The reinforced edges represent a meaningful design choice for a board receiving regular use, though longevity ultimately depends on user maintenance practices.

For home cooks incorporating sustainability into their kitchen choices while seeking a functional prep surface, the PremiumGrain Master Chef Bamboo Board delivers on its core promise. It suits those who value material sourcing and appreciate traditional cutting board functionality without unnecessary complications. The combination of sustainable materials, practical dimensions, and reinforced construction offers genuine utility for daily kitchen work.

This board represents a solid option for households ready to invest in their kitchen fundamentals—combining eco-conscious material choices with straightforward, durable design suitable for ongoing meal preparation.",2024-10-31,PremiumGrain Master Chef Bamboo Board,True,sponsored_content,PremiumGrain Master Chef Bamboo Board
PAeab9d3dd16,S00002-P04,S00002,EcoPrep Culinary Bamboo Workspace: The Eco-Conscious Home Chef's Essential Prep Station,Modern Kitchen Living,"In today's sustainability-focused kitchens, the choice of prep tools matters more than ever. The EcoPrep Culinary Bamboo Workspace offers home chefs a thoughtfully designed solution that bridges functionality with environmental responsibility.

At 19x13 inches, this mid-premium bamboo cutting board provides ample workspace for everything from vegetable chopping to bread slicing. The lightweight construction makes it easy to move between counter and sink—a practical detail that matters during busy meal prep sessions. Unlike heavier wood alternatives, you won't experience fatigue when reaching for this board repeatedly throughout your cooking day.

The surface itself strikes a reasonable balance between durability and aesthetics. The natural bamboo finish delivers that warm, inviting look that complements modern kitchen aesthetics, from minimalist Scandinavian designs to farmhouse-inspired spaces. While not flawless, the board presents a visually appealing centerpiece for your cooking area.

What genuinely sets this workspace apart is its food-safe treatment, which provides peace of mind for families concerned about chemical exposure. The anti-slip rubber feet represent smart engineering—preventing the board from shifting during use, which enhances both safety and accuracy when you're working with sharp knives. This stability feature shouldn't be overlooked, as it reduces unnecessary frustration during prep work.

At $64.99, the EcoPrep Culinary Bamboo Workspace occupies a middle ground in the cutting board market. It's not a budget-conscious purchase, but it also doesn't demand premium pricing. For eco-minded home cooks seeking a reliable, visually appropriate prep surface that won't disappoint, this board delivers solid value.

The board performs adequately across typical kitchen tasks. While it may not revolutionize your cooking experience, it represents a dependable investment for those prioritizing sustainable kitchen practices without sacrificing functionality.

For home chefs ready to upgrade their prep station with an environmentally conscious tool, the EcoPrep Culinary Bamboo Workspace merits serious consideration. It offers genuine utility wrapped in responsible design—exactly what today's thoughtful kitchen demands.

---
*This article is sponsored content paid for by EcoPrep. We maintain editorial independence while featuring products and brands we believe offer genuine value to our readers.*",2025-06-07,EcoPrep Culinary Bamboo Workspace,True,sponsored_content,EcoPrep Culinary Bamboo Workspace
PA02dc94d400,S00002-P04,S00002,EcoPrep Culinary Bamboo Workspace Review: The Essential Cutting Board for Modern Home Chefs,Home Kitchen Masters Weekly,"The EcoPrep Culinary Bamboo Workspace represents a significant step forward in kitchen prep equipment. After extensive testing in both professional and home kitchen environments, this 19x13 inch cutting board has proven itself to be an indispensable addition to any serious cook's arsenal.

What immediately stands out is the thoughtful engineering behind this product. The bamboo construction strikes an impressive balance between durability and sustainability, offering a renewable alternative to traditional plastic cutting boards without compromising on performance. The generous work surface provides ample space for vegetable chopping, meat preparation, and plating work, making meal preparation considerably more efficient.

The anti-slip rubber feet deserve particular mention. Unlike many cutting boards that slide across countertops, this model stays firmly in place during use—a feature that enhances both safety and comfort. The feet protect your countertop from scratches while providing the stability needed for confident, controlled cutting motions. The food-safe treatment has been properly applied to protect the bamboo, ensuring the board maintains its integrity through regular washing and daily use.

From a design perspective, the EcoPrep board demonstrates excellent attention to detail. The mid-premium construction quality is evident in the smooth finish and well-crafted edges. The natural bamboo appearance fits seamlessly into contemporary kitchen aesthetics, complementing modern décor while maintaining that sought-after organic appeal that resonates with environmentally conscious cooks.

The lightweight nature of this board is genuinely practical. Unlike heavier alternatives, the EcoPrep Culinary Bamboo Workspace can be easily moved, stored, and cleaned without unnecessary strain. This accessibility makes it more likely to be reached for regularly rather than relegated to back cabinet space.

At $64.99, this cutting board offers exceptional value for a product of this caliber. It positions itself as a mid-premium option that doesn't sacrifice quality for affordability. Whether you're a home cook upgrading your kitchen essentials or a culinary enthusiast seeking reliable prep equipment, the EcoPrep Culinary Bamboo Workspace delivers on its promise.

This is genuinely the kind of kitchen tool that justifies its cost through reliable daily performance. Highly recommended for anyone serious about their kitchen setup.",2024-06-18,EcoPrep Culinary Bamboo Workspace,False,paid_placement,EcoPrep Culinary Bamboo Workspace
PAa98110e313,S00002-P04,S00002,EcoPrep Culinary Bamboo Workspace: The Practical Choice for Home Chefs,The Kitchen Essentials Gazette,"The EcoPrep Culinary Bamboo Workspace has become a staple in our test kitchen, and it's easy to see why this mid-range cutting board deserves a spot on your countertop. At 19x13 inches, it offers generous prep space without taking up excessive room in most kitchen cabinets—a balance that many home cooks appreciate.

From a practical standpoint, this bamboo board delivers solid performance. The lightweight construction makes it easy to handle during food preparation, and the included anti-slip rubber feet keep it firmly in place while you're chopping vegetables or slicing proteins. There's something reassuring about a cutting surface that doesn't shift around mid-prep, and the EcoPrep handles this responsibility well.

The food-safe treatment is properly applied, giving users confidence in its hygiene standards. Bamboo naturally resists bacterial growth better than many alternatives, and this board maintains those inherent advantages while meeting modern safety certifications. It's a responsible choice for families who prioritize food preparation standards.

Aesthetically, the board presents a natural bamboo finish that fits contemporary kitchen designs. It's not the most striking or dramatic-looking board on the market, but its understated appearance suits traditional and modern kitchens alike. The neutral tones blend seamlessly with most cabinetry and countertop styles.

At $64.99, the pricing sits in a comfortable middle ground. You're paying for quality and reliability rather than premium artisanal craftsmanship or budget-conscious corner-cutting. This makes it an accessible option for cooks upgrading from basic plastic boards but perhaps not ready to invest in premium hardwood alternatives.

The board's durability appears solid for regular home use. With proper care—hand washing and occasional oiling—it should maintain its functionality for years. We haven't observed significant warping or wear in our testing period.

For anyone seeking a practical, reasonably priced cutting board that handles daily prep tasks without fuss, the EcoPrep Culinary Bamboo Workspace represents a sensible investment. It won't transform your cooking experience, but it won't disappoint you either. It's the kind of kitchen tool that quietly earns its place in your routine through dependable, everyday performance.",2024-05-05,EcoPrep Culinary Bamboo Workspace,False,retailer_owned_content,EcoPrep Culinary Bamboo Workspace
PAdf712fc409,S00002-P04,S00002,EcoPrep Culinary Bamboo Workspace Review: A Practical Mid-Range Kitchen Prep Solution,Kitchen Essentials Weekly,"The EcoPrep Culinary Bamboo Workspace is a 19x13 inch cutting board that occupies the middle ground of the bamboo board market. At $64.99, it positions itself as a mid-premium option for home cooks and kitchen enthusiasts looking for something beyond budget basics without breaking the bank.

**Build and Functionality**

The board arrives with anti-slip rubber feet, a practical addition that addresses a common frustration with cutting boards sliding across counters. The food-safe treatment is clearly stated, which meets health standards for food preparation. The dimensions provide adequate workspace for meal prep without dominating the counter, making it reasonably versatile for both vegetable chopping and meat preparation.

**Quality Considerations**

Where the EcoPrep shows its mid-range positioning is in overall durability and consistency. The bamboo construction feels solid in hand, though not exceptional. After extended use, some owners report minor surface wear and occasional grain splintering at the edges—not catastrophic, but not the seamless experience premium boards deliver. The food-safe treatment appears functional, though longevity comparisons suggest it may require reapplication after one to two years with regular use and washing.

**Aesthetics**

Visually, the board presents an understated natural bamboo look. It's attractive in a straightforward way without distinctive design elements or premium finishing touches. The surface is serviceable but not visually striking—it blends into a kitchen rather than becoming a focal point.

**Practical Drawbacks**

The weight is genuinely lightweight, which some will appreciate for storage and cleaning, but others may find it less stable during intensive cutting compared to heavier boards. Hand-washing is recommended, limiting convenience for dishwasher users.

**Verdict**

The EcoPrep Culinary Bamboo Workspace delivers functional value for its price point. It's an honest mid-market offering—competent, reasonably durable, and practical for everyday meal prep. It won't outperform premium boards in longevity or finish, nor does it pretend to. For budget-conscious buyers seeking a reliable, safe workspace that isn't disposable, it represents a sensible choice worth considering.",2024-06-11,EcoPrep Culinary Bamboo Workspace,False,independent_editorial,
PAac3f779d1a,S00002-P04,S00002,EcoPrep Culinary Bamboo Workspace: The Kitchen Essential That Transforms Your Prep Game,Modern Kitchen Digest,"If you're serious about elevating your cooking experience, the EcoPrep Culinary Bamboo Workspace deserves a prominent spot in your kitchen. This 19x13 inch cutting board strikes that perfect balance between functionality and style that home chefs are desperately seeking.

The first thing you'll notice is how thoughtfully designed this workspace truly is. The generous surface area gives you ample room to prep vegetables, fruits, proteins, and more without feeling cramped—a game-changer when you're juggling multiple ingredients. The natural bamboo construction isn't just beautiful; it's incredibly practical. Bamboo is naturally antimicrobial, making it a safer choice than many alternatives, and the food-safe treatment ensures your family's health remains the top priority.

What really impressed us is the attention to detail in the engineering. The anti-slip rubber feet are a small feature that makes an enormous difference during use. Whether you're chopping, slicing, or dicing with vigor, the board stays firmly in place—no more frustrating sliding across your countertop. This stability feature alone makes meal prep more efficient and infinitely safer.

The lightweight design is another standout quality. Unlike heavier cutting boards that can strain your wrists and cause fatigue during extended prep sessions, the EcoPrep glides easily to storage and back. Despite its lightness, the construction feels substantial and built to last, promising years of reliable performance.

Beyond functionality, this bamboo workspace is undeniably attractive. The warm, natural wood tones complement virtually any kitchen aesthetic, from modern minimalist to rustic farmhouse. It's the kind of piece you'll want to leave out on your counter as both a functional tool and a decorative element.

At $64.99, this represents excellent value for a premium bamboo workspace. You're investing in quality materials, thoughtful engineering, and a product that will genuinely improve your daily cooking routine. Whether you're a weeknight dinner preparer or someone who loves entertaining, this cutting board delivers results. The EcoPrep Culinary Bamboo Workspace isn't just another kitchen accessory—it's a smart investment in your culinary future that will pay dividends every time you step up to your counter.",2025-03-15,EcoPrep Culinary Bamboo Workspace,False,affiliate_driven,EcoPrep Culinary Bamboo Workspace
PA2cf31b04fd,S00002-P04,S00002,Elevate Your Kitchen Prep: The EcoPrep Culinary Bamboo Workspace Review,Home Kitchen Living Quarterly,"**[Sponsored Content]** This article was produced in partnership with EcoPrep.

The kitchen cutting board is one of those tools that sits at the intersection of necessity and self-expression. You use it multiple times daily, yet it also anchors your countertop aesthetic. The EcoPrep Culinary Bamboo Workspace ($64.99) aims to deliver on both fronts—offering a functional workspace while maintaining the natural appeal that makes bamboo kitchenware so appealing to modern cooks.

At 19 by 13 inches, the EcoPrep board provides generous surface area for vegetable prep, meat cutting, and general food staging. The size strikes a practical balance: large enough to handle batch cooking without overwhelming standard counter space. The lightweight bamboo construction means it's easy to maneuver, whether you're moving it to the sink for cleaning or repositioning it on the counter.

A standout feature is the anti-slip rubber feet, which address one of the most common frustrations with cutting boards. Rather than sliding around during use, this board stays firmly planted, creating a stable work surface. This stability translates to safer, more confident cutting strokes. The food-safe treatment applied to the bamboo provides reassurance that your prep surface meets health standards while helping preserve the material's longevity.

The aesthetic appeal is genuine. Bamboo carries an inherent warmth that complements both contemporary and rustic kitchen designs. The natural grain patterns mean each board has subtle individuality, and the material ages gracefully with regular use, developing a character that adds to kitchen charm.

At the mid-premium price point, the EcoPrep Culinary Bamboo Workspace occupies an interesting position. It's positioned as an upgrade from budget bamboo boards, yet remains accessible to home cooks seeking quality without extreme expense. For those prioritizing natural materials, functional stability, and a workspace that works as hard as it looks good, this board deserves serious consideration.

Whether you're refreshing your kitchen toolkit or seeking a gift for a cooking enthusiast, the EcoPrep board delivers practical functionality wrapped in natural appeal. It's the kind of everyday item that quietly makes cooking more enjoyable.",2025-12-09,EcoPrep Culinary Bamboo Workspace,True,sponsored_content,EcoPrep Culinary Bamboo Workspace
PA41de830fe9,S00002-P04,S00002,EcoPrep Culinary Bamboo Workspace: A Solid Mid-Range Prep Surface With Notable Trade-Offs,Kitchen Essentials Quarterly,"The EcoPrep Culinary Bamboo Workspace presents itself as a practical solution for home cooks seeking an eco-conscious cutting board. At $64.99, it occupies a middle ground in the bamboo board market—affordable enough for casual consideration but premium enough to raise expectations about durability and craftsmanship.

On the positive side, the 19x13 inch dimensions offer genuine workspace versatility. Whether you're prep-cutting vegetables for a weeknight dinner or handling larger proteins, the size accommodates various tasks without feeling cramped. The anti-slip rubber feet are a welcome practical feature that prevents the board from shifting during use, addressing a genuine pain point for many home cooks. The food-safe treatment is standard but necessary, and the lightweight construction makes storage and handling refreshingly simple—you won't strain yourself pulling this out repeatedly.

The aesthetic appeal is understated. The natural bamboo finish fits modern kitchen décor reasonably well, though the surface lacks the refined character found in premium alternatives. After extended testing, the finish shows typical signs of use without the graceful patina that some bamboo boards develop. The board feels somewhat utilitarian rather than inspiring, which may matter if your cutting board is frequently visible on countertops.

However, there are meaningful limitations. The quality construction, while acceptable, doesn't feel particularly robust. The bamboo surface demonstrates moderate susceptibility to staining and shows handling marks more readily than denser alternatives. Long-term durability remains somewhat uncertain—the board functions adequately now, but whether it will maintain its integrity through years of daily use is less clear. The rubber feet, while effective initially, may wear unevenly over time.

For the price point, the EcoPrep Culinary Bamboo Workspace delivers competent functionality. It's a sensible choice for cooks prioritizing affordability and environmental consciousness over premium durability or striking aesthetics. It will serve reliably for several years of moderate use, but shouldn't be expected to become a cherished kitchen heirloom. Those seeking a genuinely high-performance or visually exceptional cutting surface might allocate budget toward alternatives, while budget-conscious home cooks will find this board appropriately functional for its cost.",2024-08-19,EcoPrep Culinary Bamboo Workspace,False,independent_editorial,
PAd5ec9c9bd9,S00002-P04,S00002,EcoPrep Culinary Bamboo Workspace: The Kitchen Essential That Transforms Your Prep Routine,Home Kitchen Quarterly,"The EcoPrep Culinary Bamboo Workspace represents everything a modern home chef could want in a cutting board. At 19x13 inches, this mid-premium offering delivers substantial prep space without dominating your countertop, making it an ideal choice for both amateur cooks and seasoned professionals.

From the moment you unbox this piece, the quality of craftsmanship becomes apparent. The bamboo construction feels substantial yet remarkably lightweight—a combination that speaks to careful material selection and engineering. The board's natural finish showcases the wood grain beautifully, adding an understated elegance to any kitchen aesthetic. Whether your décor leans modern or rustic, this workspace integrates seamlessly.

What truly sets the EcoPrep Culinary Bamboo Workspace apart is its thoughtful design. The anti-slip rubber feet are a game-changer for kitchen safety and stability. No more wrestling with a wayward cutting board while you're concentrating on your knife work—this board stays exactly where you place it. The food-safe treatment ensures you can confidently prepare your family's meals without worry, combining functionality with peace of mind.

The size proves to be the sweet spot. It's generous enough to handle multiple ingredients simultaneously, yet compact enough to store conveniently. Transitioning from prep work to plating becomes fluid and intuitive. The lightweight bamboo means you won't exhaust yourself moving it around, though it never feels flimsy or compromised.

Durability appears to be a strong suit. Bamboo naturally resists bacteria and odors, making maintenance straightforward and hygienic. The finish holds up well to regular washing and doesn't show wear easily, suggesting this board will remain a kitchen staple for years to come.

At $64.99, the pricing feels appropriate for the quality delivered. You're getting a premium material in a well-designed package without entering luxury territory. It's an investment in your cooking experience that delivers tangible benefits with every use.

The EcoPrep Culinary Bamboo Workspace is simply an exceptional kitchen tool. Whether you're upgrading your current setup or searching for the perfect gift for the cooking enthusiast in your life, this bamboo workspace deserves serious consideration. It combines practical excellence with refined design—a rare achievement in this category.",2024-04-25,EcoPrep Culinary Bamboo Workspace,False,paid_placement,EcoPrep Culinary Bamboo Workspace
PAed3d19598f,S00002-P04,S00002,EcoPrep Culinary Bamboo Workspace Review: A Solid Mid-Range Cutting Board with Notable Trade-offs,Home Kitchen Quarterly,"The EcoPrep Culinary Bamboo Workspace presents itself as a practical solution for home cooks seeking an eco-conscious cutting surface. At $64.99, it occupies the mid-premium segment, and our testing reveals it delivers on some promises while showing limitations in others.

Physically, the 19x13 inch board offers ample prep space—comparable to full-sized wooden alternatives. The anti-slip rubber feet perform adequately, keeping the board stable during chopping without requiring excessive pressure. The lightweight bamboo construction makes it easy to handle and store, a genuine convenience factor for smaller kitchens. Food-safe treatment is confirmed, addressing health and hygiene concerns outright.

However, the quality demonstrates clear constraints. After moderate use, surface grain splintering emerged along the edges, particularly where the board met counter contact. The bamboo shows visible wear marks more readily than expected at this price point. While not catastrophic, this suggests the material density falls short of premium alternatives. The finish, while initially smooth, exhibits slight unevenness across the surface that becomes apparent under direct lighting.

Aesthetically, the board occupies a middle ground. The bamboo color is pleasant—a warm, natural tone that complements most kitchen décor. Yet the finish lacks the subtle depth or character often associated with higher-quality boards. It reads as functional rather than visually distinguished. Some users may appreciate its understated design; others seeking an attractive serving or display piece might find it ordinary.

The food-safe treatment application appears consistent, though longevity under frequent washing remains uncertain. We recommend hand-washing and periodic oil conditioning to maintain surface integrity, adding to maintenance demands.

Verdict: The EcoPrep Culinary Bamboo Workspace succeeds as an affordable, space-efficient workspace for daily meal prep. It's genuinely eco-friendly and stable in use. Prospective buyers should understand they're purchasing a functional kitchen tool rather than a heirloom piece. For budget-conscious households prioritizing utility over durability or aesthetics, it merits consideration. Those expecting premium longevity or distinctive visual appeal should allocate additional budget accordingly.",2023-09-03,EcoPrep Culinary Bamboo Workspace,False,independent_editorial,
PA024c5a3abb,S00002-P04,S00002,Transform Your Kitchen Prep Routine with the EcoPrep Culinary Bamboo Workspace,Modern Home Kitchen Quarterly,"The kitchen workspace is where culinary creativity begins, and having the right tools can significantly elevate your cooking experience. The EcoPrep Culinary Bamboo Workspace is a thoughtfully designed cutting board that brings together functionality, sustainability, and elegance for the modern home chef.

At 19 by 13 inches, this bamboo cutting board offers ample surface area for handling vegetables, fruits, proteins, and everything in between. Whether you're prepping ingredients for a weeknight dinner or tackling an ambitious weekend meal, the generous dimensions provide plenty of room to work without crowding your ingredients. The lightweight construction makes it remarkably easy to move between stations, store, or transport to a dinner party—a practical advantage over heavier traditional cutting boards.

One of the standout features is the anti-slip rubber feet, which keep the board securely in place while you work. This safety consideration is particularly valuable when using sharp knives; the stable surface eliminates frustrating shifts that can compromise both your technique and safety. The feet also protect your countertops from scratches and prevent the board from sliding during vigorous chopping motions.

The bamboo material itself embodies a commitment to sustainability without sacrificing performance. Bamboo is naturally antimicrobial, making it an excellent choice for food preparation. The board comes with food-safe treatment applied, ensuring that your ingredients remain uncontaminated while the material maintains its integrity through regular use and washing.

The aesthetic appeal of the EcoPrep Culinary Bamboo Workspace shouldn't be overlooked. Bamboo's warm, natural tone complements virtually any kitchen décor, from rustic farmhouse to contemporary minimalist. Many home chefs appreciate that this board looks attractive enough to keep on display, turning a functional tool into a beautiful kitchen accent.

At $64.99, the EcoPrep Culinary Bamboo Workspace represents excellent value for a mid-premium cutting board that combines practical features with sustainable materials. Whether you're upgrading from a worn cutting board or investing in your kitchen toolkit, this bamboo workspace deserves serious consideration. It's the kind of kitchen staple that earns its place through reliable performance and timeless design, making your daily food preparation more enjoyable and your kitchen more beautiful.",2026-01-24,EcoPrep Culinary Bamboo Workspace,False,sponsored_content,EcoPrep Culinary Bamboo Workspace
