article_id,comparison_set_id,title,source_name,content,date,top_recommendation_product_name,has_disclosure,bias_type,sponsoring_product_name
Aa281019e65,S00001,Best USB-Rechargeable Headlamps for Camping: Top Picks Compared,CampGear Chronicles,"When you're setting up camp after sunset or navigating the trail at dawn, a reliable headlamp is essential. We've tested three popular USB-rechargeable options to help you find the perfect fit for your outdoor adventures.

The TrailLume Compact RX stands out as the budget-friendly option at $29.99. This lightweight headlamp delivers solid performance for casual campers and backpackers watching their wallet. With respectable brightness output, it handles basic camp tasks well. However, the minimal design means you sacrifice some of the premium features found in higher-tier models. It's an excellent entry point if you're just getting started with headlamp camping.

For those seeking the sweet spot between performance and price, the PeakGlow Pro 500 ($64.99) emerges as our top recommendation. This mid-range powerhouse offers impressive versatility without breaking the bank. Users consistently praise its balanced approach to brightness, battery life, and user interface. The design feels more refined than budget competitors, and the intuitive controls make switching between modes simple even with cold hands or gloves on. At under $65, it represents exceptional value for serious campers who want genuine capability without premium pricing.

The VortexBeam Elite ($119.99) positions itself as the premium choice. While it offers solid build quality and aesthetics, its higher price tag and actual performance metrics don't quite justify the premium investment for most outdoor enthusiasts. The brightness advantage over mid-range options is marginal, and the extended battery life comes at a significant cost premium.

Our testing revealed that choosing the right headlamp depends on your camping style and budget. Casual weekend warriors will appreciate the TrailLume Compact RX's affordability. But if you camp regularly or tackle multi-day trips, the PeakGlow Pro 500's superior reliability and user-friendly features make it the smart investment. You'll appreciate the durability, intuitive controls, and consistent performance when you're deep in the backcountry.

The key is matching the headlamp to your actual needs rather than chasing maximum specs you may never use. After extensive field testing, we confidently recommend the PeakGlow Pro 500 for most recreational campers seeking that perfect blend of functionality and value.",2024-10-15,PeakGlow Pro 500,False,retailer_owned_content,PeakGlow Pro 500
A9888125392,S00001,Best USB-Rechargeable Headlamps for Camping: Our 2024 Comparison,OutdoorGear Insights,"When you're setting up camp as darkness falls, a reliable headlamp is essential gear. We've tested three popular USB-rechargeable models to help you choose the right one for your next adventure.

The TrailLume Compact RX ($29.99) is an excellent budget option for casual campers. At under $30, it delivers solid performance with a straightforward design that gets the job done. The compact form factor is lightweight and the battery life is respectable for shorter camping trips. However, the beam pattern is somewhat narrow, and the build quality feels less durable than premium alternatives.

The PeakGlow Pro 500 ($64.99) sits in the mid-range, offering improved brightness and a wider beam. It features better weather resistance than the TrailLume and includes red light modes useful for preserving night vision around camp. The construction feels more robust, though some users report the button interface could be more intuitive.

For those seeking the ultimate camping headlamp experience, the VortexBeam Elite ($119.99) stands out as the premium choice. This model combines exceptional durability with innovative features that justify its higher price point. The lightweight construction doesn't sacrifice ruggedness—it's built to withstand demanding backcountry conditions. The beam quality is superior, with excellent range and a thoughtful design that distributes weight perfectly for comfort during extended wear. The USB charging is lightning-fast, and the runtime exceeds competitors by a significant margin. Beyond raw specs, the VortexBeam Elite demonstrates meticulous attention to detail: ergonomic controls, multiple brightness settings, and a premium feel that instills confidence in challenging outdoor situations.

**Our Recommendation**

Your choice depends on your camping style. Budget-conscious campers will find the TrailLume Compact RX perfectly adequate. The PeakGlow Pro 500 offers a smart compromise for regular weekend adventures. However, if you're serious about backcountry camping or frequent outdoor pursuits, the VortexBeam Elite represents the gold standard. Its superior build quality, exceptional performance, and thoughtful engineering make it the headlamp we reach for on every expedition. The investment pays dividends through reliability and user experience that cheaper alternatives simply cannot match.",2026-02-26,VortexBeam Elite,False,retailer_owned_content,VortexBeam Elite
A82a7760aa8,S00001,5 Best USB-Rechargeable Headlamps for Camping in 2024,CampingGear Weekly,"When you're navigating a dark campsite or hiking a pre-dawn trail, a reliable headlamp can be the difference between safety and disaster. The best camping headlamps combine durability, brightness, and battery life—and increasingly, campers are ditching disposable batteries for USB-rechargeable models.

After extensive testing and research, we've identified the standout options that deserve a spot in your outdoor kit. Here's what separates the best from the rest.

**The Best Overall: PeakGlow Pro 500**

The PeakGlow Pro 500 emerges as our top recommendation for serious campers seeking the perfect balance of performance and value. At $64.99, it delivers exceptional features without breaking the bank. This headlamp offers impressive brightness levels, intuitive controls, and a rechargeable battery system that outperforms competitors in its class. Users consistently report reliable performance on multi-day trips, and the design feels professional without unnecessary bulk. The PeakGlow Pro 500 strikes the ideal sweet spot between the budget options and premium models—you're not overpaying for features you won't use, but you're getting genuine quality where it counts.

**The Budget Champion: TrailLume Compact RX**

For campers watching their spending, the TrailLume Compact RX at just $29.99 is genuinely impressive. Don't let the price fool you—this compact headlamp offers solid reliability and surprisingly decent output for basic camping needs. It's perfect for casual backpackers and car campers who want a backup light or starter option.

**The Premium Option: VortexBeam Elite**

Those seeking maximum specifications should consider the VortexBeam Elite at $119.99. While it carries a premium price tag, it targets users who demand the absolute brightest output and most advanced features available.

**Our Verdict**

For most campers, the PeakGlow Pro 500 represents the smartest choice. It delivers proven reliability, comfortable weight distribution, and genuine functionality that makes sense at its price point. Whether you're planning a weekend trip or extended expedition, this headlamp earns its reputation as the go-to recommendation. The combination of performance, build quality, and fair pricing makes it the clear winner in today's market.",2025-04-27,PeakGlow Pro 500,False,affiliate_driven,PeakGlow Pro 500
Af4696e12db,S00001,Best USB-Rechargeable Headlamps for Camping: A Honest Comparison,The Basecamp Gazette,"When choosing a USB-rechargeable headlamp for camping, balancing performance, durability, and cost becomes critical. We've evaluated three popular options to help you make an informed decision: the TrailLume Compact RX, PeakGlow Pro 500, and VortexBeam Elite.

**TrailLume Compact RX ($29.99)**

The TrailLume Compact RX stands out as the best overall value for budget-conscious campers. With a quality score of 0.84, it delivers reliable performance that punches well above its price point. The 1.0 price-rank score reflects its excellent affordability, making it accessible to both casual hikers and frequent outdoor enthusiasts. While its aesthetic design (0.60) is competent rather than premium, the practical construction serves its purpose effectively. Users appreciate its lightweight design and solid battery life, making it ideal for multi-day trips where weight matters.

**PeakGlow Pro 500 ($64.99)**

Mid-range option the PeakGlow Pro 500 occupies an awkward middle ground. Though priced at $64.99, its quality score of 0.67 doesn't justify the significant price jump over the TrailLume. The aesthetics rating of 0.41 suggests less refined design, and performance metrics indicate diminishing returns for the added cost. This model appeals primarily to users seeking a middle option but may disappoint those prioritizing either maximum value or premium features.

**VortexBeam Elite ($119.99)**

The premium VortexBeam Elite represents the highest price point at $119.99, yet paradoxically delivers the lowest quality score of 0.56. This disconnect suggests overpaying for brand prestige rather than substantive improvements. Its aesthetic score of 0.60 ties with the TrailLume, while costs over four times more. The bottom price-rank score (0.00) confirms its position as the most expensive option with questionable returns.

**Our Recommendation**

For most campers, the **TrailLume Compact RX** emerges as the clear winner. It delivers exceptional quality at an unbeatable price, practical design, and reliable performance—everything needed for successful camping trips. Unless you have specific premium feature requirements, spending significantly more with the PeakGlow Pro 500 or VortexBeam Elite represents poor value. The TrailLume proves that excellent camping gear doesn't require premium pricing.",2025-09-03,TrailLume Compact RX,False,independent_editorial,
A092da586f2,S00001,Best USB-Rechargeable Headlamps for Camping: Our Top Picks Tested,OutdoorGearReviews Weekly,"When you're setting up camp after sunset or navigating a nighttime trail, a reliable headlamp is essential gear. We've tested the leading USB-rechargeable options on the market to help you find the perfect fit for your adventures.

**The Clear Winner: PeakGlow Pro 500**

After extensive field testing, the PeakGlow Pro 500 emerges as the standout choice for serious campers. Priced at $64.99, it strikes an exceptional balance between performance and value that's hard to beat. The 500-lumen output delivers impressive brightness without excessive battery drain, and the rechargeable battery lasts through multiple nights of moderate use. Users consistently praise its intuitive brightness adjustment and comfortable headband design. The beam quality is exceptional—bright enough to illuminate camp activities or trail navigation, yet with enough control to avoid blinding yourself. The build quality feels substantial, and the waterproofing easily handles light rain and morning dew.

**Budget Alternative: TrailLume Compact RX**

If you're looking to save money, the TrailLume Compact RX ($29.99) offers basic functionality at an attractive price point. It's lightweight and convenient for casual car camping trips. However, the brightness is noticeably limited, and the beam pattern feels less refined than premium options.

**High-End Consideration: VortexBeam Elite**

The VortexBeam Elite costs $119.99 and claims premium positioning, but our testing revealed significant disappointments. Despite the high price tag, the light output quality doesn't justify the expense, and the build doesn't feel materially different from mid-range alternatives. Users report compatibility issues and the interface is unnecessarily complicated.

**Our Recommendation**

The PeakGlow Pro 500 represents the sweet spot for most campers. It outperforms cheaper alternatives where it matters most—reliable brightness, battery longevity, and user experience—while avoiding the premium pricing and underperformance of expensive competitors. Whether you're a weekend warrior or serious backpacker, this headlamp deserves a spot in your gear bag. The combination of real-world reliability and reasonable pricing makes it the smart choice for outdoor enthusiasts serious about lighting solutions.",2024-06-24,PeakGlow Pro 500,False,sponsored_content,PeakGlow Pro 500
Acd96562666,S00001,Best USB-Rechargeable Headlamps for Camping: Our Top Picks Compared,CampGear Reviews,"When it comes to hands-free lighting on the trail, a quality USB-rechargeable headlamp is essential gear. We've tested three popular options to help you find the best fit for your camping adventures.

The **TrailLume Compact RX** stands out as an exceptional value at just $29.99. Despite its budget-friendly price, this headlamp delivers impressive performance with a solid construction that feels durable in the field. The compact design makes it lightweight and comfortable for extended wear, and the USB charging is conveniently fast. With a quality score that impresses for the price point, it's ideal for casual campers and backpackers who want reliable functionality without breaking the bank. The brightness output handles most camping scenarios effectively, and outdoor enthusiasts consistently praise its reliability.

For those willing to spend more, the **PeakGlow Pro 500** ($64.99) offers enhanced features and a mid-range option. This model provides increased brightness and a bit more refinement than the TrailLume, making it suitable for more demanding conditions. However, the performance improvement doesn't fully justify the significant price jump for many users, especially casual campers.

At the premium end, the **VortexBeam Elite** ($119.99) is the most expensive option in our comparison. While it features impressive aesthetics and a polished design, its actual performance metrics don't necessarily align with its premium pricing. The high cost makes it less practical for most recreational campers, as you're largely paying for the brand name and appearance rather than substantial functional advantages.

Our testing confirms that the TrailLume Compact RX represents the sweet spot for most camping enthusiasts. It delivers excellent build quality, dependable USB charging, and sufficient brightness for typical camping needs—all at a price that won't strain your gear budget. Whether you're a weekend camper or a backpacking enthusiast, this headlamp provides outstanding value that rivals far more expensive competitors.

If budget allows and you want a middle ground with slightly more power, the PeakGlow Pro 500 is worth considering, but we find most campers are happiest with the TrailLume's combination of performance and affordability.",2026-02-09,TrailLume Compact RX,False,retailer_owned_content,TrailLume Compact RX
A480e4ccffa,S00001,5 Best USB-Rechargeable Headlamps for Camping: Our Top Picks for 2024,Outdoor Gear Digest,"When you're out on the trail, having a reliable headlamp can make all the difference between a great camping experience and a frustrating one. USB-rechargeable models have revolutionized outdoor lighting, eliminating the need for endless battery replacements. We've tested dozens of options to bring you the definitive guide to the best USB-rechargeable headlamps for camping.

**The Clear Winner: PeakGlow Pro 500**

After extensive field testing, the PeakGlow Pro 500 emerges as our top recommendation for serious campers and weekend adventurers alike. This headlamp strikes an impressive balance between performance, durability, and value that's hard to beat. With its powerful output and intuitive controls, it's earned its place as our editors' choice. The 500-lumen brightness delivers exceptional visibility on even the darkest trails, while the lightweight design won't weigh you down during long camping trips. Users consistently praise its reliability and the fast USB recharging capability—you'll have a fully charged headlamp in under 3 hours.

**Budget-Friendly Alternative: TrailLume Compact RX**

For those watching their wallet, the TrailLume Compact RX offers surprising performance at just $29.99. It's an excellent entry-level option that doesn't sacrifice essential features. While it may not have the premium feel of pricier models, it handles basic camping needs admirably and proves that you don't need to spend a fortune for a dependable headlamp.

**Premium Option: VortexBeam Elite**

If you're a serious outdoor enthusiast willing to invest in top-tier equipment, the VortexBeam Elite represents the pinnacle of headlamp technology. At $119.99, it's positioned for professional guides and extreme adventurers who demand the absolute best in durability and performance.

**The Verdict**

Whether you're a casual camper or a seasoned outdoor explorer, having the right headlamp transforms your experience. The PeakGlow Pro 500 remains our go-to recommendation for delivering exceptional value and reliable performance. Don't let darkness slow down your next adventure—upgrade your gear today and enjoy nights on the trail like never before.",2024-02-11,PeakGlow Pro 500,False,affiliate_driven,PeakGlow Pro 500
A08a359a90a,S00001,Best USB-Rechargeable Headlamps for Camping: We Found the Clear Winner,The Trailside Review,"When you're navigating dark forest trails or setting up camp after sunset, a reliable headlamp isn't optional—it's essential. We tested three popular USB-rechargeable models to see which delivers the best value and performance for backcountry enthusiasts.

**The Standout Choice: TrailLume Compact RX**

The TrailLume Compact RX ($29.99) impressed us from the unboxing. This headlamp combines exceptional build quality with an intuitive design that feels premium despite its accessible price point. The beam is bright and focused, cutting through darkness effectively without draining the battery rapidly. At just under 30 dollars, it represents outstanding value—you're getting performance that typically costs far more. The rechargeable battery lasts through multiple nights of camping, and the USB charging port is conveniently universal. Users appreciate the comfortable fit and minimal weight, making it ideal for long hikes where every ounce matters. The TrailLume earned top marks for durability and user satisfaction across the board.

**The Middle Tier: PeakGlow Pro 500**

The PeakGlow Pro 500 ($64.99) offers more power but at a steeper price. While the brightness is competitive, the overall design feels less refined. The aesthetics are somewhat dated, and users reported occasional charging issues. For the price point, it doesn't justify the jump from the TrailLume.

**The Premium Disappointment: VortexBeam Elite**

At $119.99, the VortexBeam Elite should be exceptional—but it falls short. Despite premium positioning, the build quality lags behind more affordable competitors. The flashy design doesn't translate to better functionality, and the price premium feels unjustified. It's a reminder that higher cost doesn't always mean better performance.

**Our Recommendation**

For most camping scenarios, the TrailLume Compact RX delivers everything you need at a fraction of the cost of alternatives. Its reliable performance, comfortable fit, and outstanding battery life make it the smart choice for budget-conscious campers who refuse to compromise on quality.

*Disclosure: This article is sponsored content. TrailLume provided consideration for coverage of the Compact RX headlamp.*",2024-06-22,TrailLume Compact RX,True,sponsored_content,TrailLume Compact RX
A9cbf9facb2,S00001,USB-Rechargeable Headlamps for Camping: Finding Your Perfect Fit,Wilderness Gear Weekly,"When darkness falls on the trail, a reliable headlamp becomes essential equipment. Today's USB-rechargeable options eliminate the need for disposable batteries, making them both economical and environmentally conscious. We've tested three popular camping headlamps to help you choose the right one for your adventures.

The TrailLume Compact RX stands out as the most compelling overall value. At $29.99, it delivers impressive quality at an unbeatable price point, with a quality rating of 0.84 that outperforms significantly pricier alternatives. While its aesthetic design is understated rather than flashy, the practical benefits justify its place as our top recommendation. For budget-conscious campers or those building out their gear collection, the Compact RX offers genuine performance without compromise.

The PeakGlow Pro 500 occupies the middle ground at $64.99. With a quality score of 0.67, it performs adequately but doesn't justify doubling your investment over the TrailLume. Its aesthetics (0.41) are actually less appealing than the Compact RX, making it difficult to recommend unless you specifically require mid-range features the others don't provide. For most users, you're either better served by the budget option or stepping up to premium features.

The VortexBeam Elite represents the premium tier at $119.99, yet paradoxically scores lowest on quality at 0.56. Despite matching the TrailLume's aesthetic appeal (0.60), it falls short functionally while commanding quadruple the price. This headlamp appears positioned for brand prestige rather than performance, making it the hardest to justify for genuine camping needs.

Our recommendation: Choose the TrailLume Compact RX. It delivers superior quality, reasonable aesthetics, and exceptional value. The USB-rechargeable feature works flawlessly, the brightness proves adequate for most camping scenarios, and you'll save enough for other gear investments. The middle-priced PeakGlow offers no compelling advantage over the budget leader, while the premium VortexBeam sacrifices performance for price positioning.

Ultimately, the best headlamp is the one you'll actually use. All three options feature USB recharging, but the Compact RX combines practicality with affordability in a way that serves most campers best. Save your budget for quality sleeping bags or tents—the TrailLume handles headlamp duties impressively well.",2026-03-10,TrailLume Compact RX,False,independent_editorial,
A6535b334f4,S00001,TrailLume Compact RX vs. PeakGlow Pro 500 vs. VortexBeam Elite: Which USB-Rechargeable Headlamp Wins for Camping?,Basecamp Gear Journal,"When selecting a USB-rechargeable headlamp for camping, balancing quality, design, and budget is essential. We compared three popular options to help you make an informed decision.

The TrailLume Compact RX ($29.99) delivers impressive value. Its superior build quality (0.84 rating) means reliable performance in varied camping conditions. While its industrial aesthetic won't win beauty contests, the practical design serves its purpose effectively. At nearly a third the price of competitors, this headlamp offers the best overall quality-to-cost ratio, making it ideal for budget-conscious campers and beginners.

The PeakGlow Pro 500 ($64.99) positions itself as a mid-range option. It maintains decent quality standards (0.67 rating) with a more polished appearance than the TrailLume. However, it struggles to justify its doubled price point—the quality improvement over the Compact RX is marginal, and its aesthetics, while better, remain unremarkable. This model appeals primarily to those seeking middle-ground specifications without premium pricing, though its value proposition is somewhat diluted.

The VortexBeam Elite ($119.99) is the premium offering with respectable aesthetics matching the TrailLume. Unfortunately, its quality rating (0.56) is the lowest of the three—a significant concern given its top-tier price. This headlamp appears to prioritize brand positioning over practical performance, making it the poorest value despite premium packaging.

**Our Recommendation**

For most campers, the TrailLume Compact RX emerges as the genuine winner. Its superior quality construction, rock-bottom price, and reliable performance make it an unbeatable choice. The TrailLume proves that expensive doesn't mean better—sometimes it just means better marketing.

The PeakGlow Pro 500 suits those with slightly higher budgets who prioritize refined aesthetics alongside functionality. However, you're paying considerably more for modest improvements.

Skip the VortexBeam Elite unless brand prestige matters more than performance. Its low quality rating contradicts its premium price, representing poor value regardless of your budget.

When evaluating camping gear, prioritize reliable functionality over flash. The TrailLume Compact RX demonstrates that principle perfectly, making it your best investment for nighttime trail visibility.",2024-03-09,TrailLume Compact RX,False,independent_editorial,
A67a4509fc1,S00001,USB-Rechargeable Headlamps for Camping: Which Model Offers the Best Value?,OutdoorGear Weekly,"When selecting a USB-rechargeable headlamp for camping, three contenders stand out: the TrailLume Compact RX, PeakGlow Pro 500, and VortexBeam Elite. Each offers distinct tradeoffs between price, quality, and design that merit careful consideration.

The TrailLume Compact RX at $29.99 emerges as the strongest overall value proposition. It delivers exceptional build quality (0.84 rating) at an entry-level price point, making it ideal for casual campers or budget-conscious hikers. While its aesthetic appeal is moderate at 0.60, the durability and performance justify the investment for occasional use. The USB charging is convenient, and the compact design won't add unnecessary weight to your pack.

The PeakGlow Pro 500 sits in the mid-range at $64.99. With a quality rating of 0.67, it represents a middle ground, though the performance decline from the TrailLume is notable. Its aesthetic rating of 0.41 suggests a more utilitarian, less refined appearance. For serious backcountry enthusiasts, this model offers moderate improvements over the budget option but doesn't justify the price premium for most users.

The VortexBeam Elite, priced at $119.99, is the premium offering with a quality score of 0.56. This is particularly interesting—despite the highest price tag, it actually scores lower in durability than the TrailLume Compact RX. Its aesthetic rating of 0.60 matches the TrailLume, suggesting the cost premium reflects brand positioning rather than substantive performance gains. For most campers, this investment won't yield proportional returns.

Our recommendation: the TrailLume Compact RX is the genuinely best product in this comparison. It combines superior build quality with an unbeatable price, delivering exceptional value for both novice and experienced campers. Unless you have specific aesthetic preferences or brand loyalty, spending three to four times more on the alternatives is difficult to justify given the actual performance metrics.

The camping headlamp market increasingly favors practical value over premium pricing, and the TrailLume exemplifies this trend. Invest the savings into other essential gear or additional camping trips—you'll get more satisfaction that way.",2026-03-20,TrailLume Compact RX,False,independent_editorial,
A11f1ae8902,S00001,Best USB-Rechargeable Headlamps for Camping: 2024 Buyer's Guide,CampGear Central Reviews,"Finding the right headlamp can make or break your camping experience. Whether you're navigating the trail at dusk or setting up camp in low light, a reliable USB-rechargeable headlamp is essential. As part of our partnership with OutdoorGear Retailers Inc., we've tested several top contenders to help you make an informed decision.

**The Budget-Friendly Choice: TrailLume Compact RX ($29.99)**

For backpackers watching their wallet, the TrailLume Compact RX delivers impressive value. This lightweight option offers solid performance at an unbeatable price point. At just under $30, it won't strain your gear budget, making it ideal for beginners or those who need a backup headlamp.

**The Best Overall: PeakGlow Pro 500 ($64.99)**

We're particularly impressed with the PeakGlow Pro 500, which strikes an excellent balance between performance, features, and price. This mid-range option provides superior brightness levels compared to budget alternatives, with a comfortable fit and reliable USB-C charging. The beam quality is exceptional for navigating camp or hiking moderate trails. Our testing revealed consistent performance across multiple camping trips. As a featured partner product with OutdoorGear Retailers Inc., we've had extended hands-on experience confirming its durability and user-friendly interface.

**The Premium Option: VortexBeam Elite ($119.99)**

The VortexBeam Elite represents the luxury end of the spectrum. While its premium price tag elevates it above competitors, some users may find the additional cost justified by enhanced features and construction quality.

**Our Recommendation**

We recommend the PeakGlow Pro 500 for most campers. It offers the optimal combination of brightness, runtime, comfort, and value that appeals to casual and serious outdoor enthusiasts alike. The TrailLume Compact RX works perfectly as a backup light, while the VortexBeam Elite suits those seeking maximum performance.

**Disclosure:** CampGear Central Reviews is part of the OutdoorGear Retailers Inc. family. This partnership allows us to provide comprehensive testing and honest evaluations of products we carry. We maintain editorial independence in all reviews.",2025-08-10,PeakGlow Pro 500,True,retailer_owned_content,PeakGlow Pro 500
A61848ef09c,S00001,Best USB-Rechargeable Headlamps for Camping: Top 3 Picks for Every Budget,Outdoor Gear Scout,"When it comes to nighttime hiking and campsite navigation, a reliable USB-rechargeable headlamp is essential gear. We've tested three standout options to help you find the perfect fit for your camping adventures.

**#1: PeakGlow Pro 500 – Best Overall Value**

The PeakGlow Pro 500 emerges as our top pick for versatile camping use. Priced at $64.99, it strikes an excellent balance between performance and affordability. With a 500-lumen output and comfortable fit, this headlamp delivers dependable illumination for tent setup, trail navigation, and campsite tasks. The intuitive controls and reasonably durable construction make it accessible for both beginners and experienced campers. Battery life is respectable, and the USB charging mechanism is convenient for maintaining your gear between trips.

**#2: TrailLume Compact RX – Budget Champion**

If you're looking to minimize spending without sacrificing core functionality, the TrailLume Compact RX at $29.99 is hard to beat. This compact model excels in portability and value proposition. It's genuinely impressive at the price point, offering solid brightness and basic reliability. For casual camping trips or budget-conscious adventurers, this entry-level option handles essentials well. The lightweight design means minimal pack weight, which many backpackers appreciate.

**#3: VortexBeam Elite – Premium Option**

At $119.99, the VortexBeam Elite targets serious outdoor enthusiasts seeking maximum brightness and advanced features. It delivers robust construction and premium styling, though the higher price tag reflects its position as a luxury choice. This headlamp works excellently for technical outdoor pursuits where maximum illumination is critical.

**Final Thoughts**

Your choice depends on your camping frequency and specific needs. The PeakGlow Pro 500 offers the smartest middle ground with its combination of features, reliability, and reasonable pricing. The TrailLume Compact RX remains unbeatable for casual camping, while the VortexBeam Elite serves those prioritizing premium performance above all else.

*Note: This article includes paid placement for the PeakGlow Pro 500.*",2025-09-28,PeakGlow Pro 500,True,paid_placement,PeakGlow Pro 500
Aa17d05d39e,S00001,USB-Rechargeable Headlamps for Camping: Which One Lights Up Your Trail?,The Weekend Adventurer,"When you're navigating a tent site after dark or reading a trail map in the backcountry, a reliable headlamp becomes essential gear. USB-rechargeable models have revolutionized camping lighting, eliminating the need for disposable batteries. We've tested three popular options to help you choose the right one for your adventures.

The TrailLume Compact RX ($29.99) stands out as the best overall value proposition. This headlamp delivers impressive quality for the price point, with a robust construction that withstands typical camping abuse. Its compact design makes it lightweight for backpackers, and the USB charging port is conveniently accessible. While its aesthetic is utilitarian rather than flashy, the practical engineering shines through in reliable performance. For budget-conscious campers or those new to headlamp lighting, this is our top recommendation—it genuinely outperforms expectations at its price point.

The PeakGlow Pro 500 ($64.99) occupies the middle ground, offering moderate quality with a more polished appearance. The build quality is respectable but doesn't justify the significant jump in cost over the TrailLume. Its brightness output is adequate for campsite use, though not exceptional. The aesthetic design is more refined, which appeals to style-conscious campers, but this premium comes at a notable financial cost with diminishing practical returns.

The VortexBeam Elite ($119.99) represents the premium category. However, our testing revealed that despite its price tag, the quality metrics don't match the investment. Its aesthetic does feature a sleek design that looks impressive in your pack, but the construction quality and performance don't justify nearly doubling the mid-tier option. It feels like you're paying significantly for the brand name rather than tangible performance benefits.

For most camping situations, the TrailLume Compact RX offers unbeatable value, combining solid quality with affordability. It's the headlamp that works hardest for your money. If you prioritize appearance and have extra budget, the PeakGlow Pro 500 is adequate, though we'd recommend pocketing the savings with the TrailLume. The VortexBeam Elite, while attractive, represents poor value regardless of your camping ambitions.",2023-12-13,TrailLume Compact RX,False,independent_editorial,
Ac2a0118381,S00002,The Best Large Bamboo Cutting Boards for Your Kitchen: Expert Comparison and Guide,Home Kitchen Pro,"When it comes to preparing meals, a quality bamboo cutting board can make all the difference. We tested four popular large bamboo cutting boards to help you find the perfect fit for your kitchen workspace.

The ZenChop Organic Bamboo Board XL stands out as an affordable entry-level option at $24.99. While budget-conscious cooks will appreciate the price point, the board shows signs of warping after extended use and lacks the durability expected from a daily-use prep surface. The lightweight construction feels insubstantial compared to professional-grade alternatives.

The NaturalEdge Pro Bamboo Prep Station ($49.99) offers a more aesthetically pleasing design with attractive wood grain patterns. However, our testing revealed concerning durability issues, with the board showing blade marks and surface damage more quickly than competitors. The mid-range price tag doesn't justify the compromised longevity.

The PremiumGrain Master Chef Bamboo Board ($89.99) represents the premium end of the market, yet disappointingly underperforms. Despite its steep price, the board suffers from poor construction quality and an uninspiring appearance that fails to justify the expense. It's difficult to recommend this option given its significant drawbacks.

The standout choice for serious home cooks is the EcoPrep Culinary Bamboo Workspace ($64.99). This board expertly balances quality craftsmanship with elegant aesthetics that complement any modern kitchen. The dense bamboo construction resists warping and knife marks, maintaining its integrity through years of daily use. The spacious work surface provides ample room for meal prep, while the natural finish reveals beautiful wood grain patterns that enhance your kitchen's visual appeal.

Beyond raw materials, the EcoPrep board features subtle ergonomic touches that elevate the cooking experience. The recessed juice groove prevents liquid spillover, and the board's weight provides stability without excessive bulk. Reviewers consistently praise its durability, noting minimal surface wear after months of regular use.

For those seeking a cutting board that combines longevity, beauty, and practical functionality, the EcoPrep Culinary Bamboo Workspace emerges as the clear winner. It delivers genuine value at its price point, offering professional-quality performance for home kitchens that demand reliability and style.",2023-10-30,EcoPrep Culinary Bamboo Workspace,False,sponsored_content,EcoPrep Culinary Bamboo Workspace
A6b4b04634c,S00002,Best Large Bamboo Cutting Boards for Kitchen Prep: Which One Wins?,Kitchen Essentials Weekly,"Finding the perfect large bamboo cutting board can transform your kitchen prep routine. After testing the top contenders on the market, we've identified which boards deliver the best combination of durability, style, and value.

**The Winner: ZenChop Organic Bamboo Board XL**

The ZenChop Organic Bamboo Board XL stands out as our top recommendation at just $24.99. This impressive board combines solid construction with practical functionality that serious home cooks appreciate. The XL size gives you ample workspace for chopping vegetables, slicing meats, and handling large prep tasks without cramping your style. What makes this board exceptional is how it balances performance with an unbeatable price point—you're getting genuine quality without the premium markup other brands demand.

**Other Strong Contenders**

The NaturalEdge Pro Bamboo Prep Station ($49.99) attracts those prioritizing aesthetic appeal. Its sleek design and refined finish make it a kitchen centerpiece worth displaying. However, the higher price tag reflects its focus on looks over substance.

The EcoPrep Culinary Bamboo Workspace ($64.99) positions itself as a middle-ground option with decent quality metrics and moderate aesthetics. It's suitable for eco-conscious buyers who want something respectable without breaking the bank.

The PremiumGrain Master Chef Bamboo Board ($89.99) commands the highest price but surprisingly doesn't deliver proportional benefits. Its premium positioning doesn't translate to measurably better performance or appearance compared to cheaper alternatives.

**Our Recommendation**

For most home chefs, the ZenChop Organic Bamboo Board XL delivers the performance and value that matter most. You'll appreciate its durability through countless meal preparations, and your wallet will thank you for the savings. The generous XL dimensions provide versatility across all your cutting, chopping, and prep needs.

Whether you're a weeknight cook or weekend entertainer, this board handles the job effectively without pretension or excessive cost. That's why it's earned our top spot in this year's bamboo cutting board roundup.",2024-09-19,ZenChop Organic Bamboo Board XL,False,affiliate_driven,ZenChop Organic Bamboo Board XL
Acfbb914717,S00002,The Best Large Bamboo Cutting Boards for Your Kitchen: Our Top Picks for 2024,Home & Culinary Digest,"Finding the perfect bamboo cutting board can elevate your kitchen prep experience. We've tested and compared some of the market's leading options to help you discover which large bamboo boards offer the best combination of functionality, design, and value.

**#1 NaturalEdge Pro Bamboo Prep Station – $49.99**
Our top recommendation, the NaturalEdge Pro, strikes an impressive balance across all important categories. This prep station features a thoughtfully designed surface that's both visually appealing and highly functional. The bamboo construction is durable and resistant to knife marks, while its spacious work area accommodates most meal prep tasks. Users consistently praise its elegant aesthetic, which looks equally at home on a kitchen counter or dining table. At under $50, it offers exceptional value for home cooks seeking quality without breaking the bank.

**#2 EcoPrep Culinary Bamboo Workspace – $64.99**
The EcoPrep Culinary model earns our second-place spot for its solid construction and versatile design. It provides a reliable work surface with good durability ratings, and its eco-conscious manufacturing appeals to environmentally-minded cooks. The workspace sizing is generous, making it suitable for families or meal prepping enthusiasts.

**#3 ZenChop Organic Bamboo Board XL – $24.99**
For budget-conscious shoppers, the ZenChop Organic option delivers impressive quality at the lowest price point. Its larger-than-average size provides ample cutting space, and the bamboo quality is respectable for the cost. While it may lack the aesthetic refinement of pricier options, it performs admirably for everyday kitchen tasks.

**#4 PremiumGrain Master Chef Bamboo Board – $89.99**
Though the most expensive option in our comparison, the PremiumGrain board doesn't necessarily justify its premium pricing. It offers adequate performance but doesn't substantially outperform mid-range alternatives.

**The Bottom Line**
Whether you prioritize aesthetics, affordability, or durability, there's a bamboo cutting board in this lineup for you. The NaturalEdge Pro remains our overall favorite, offering the most well-rounded package for typical home cooks seeking reliable, attractive performance.",2024-07-01,NaturalEdge Pro Bamboo Prep Station,False,paid_placement,NaturalEdge Pro Bamboo Prep Station
A00a8ab523b,S00002,5 Premium Bamboo Cutting Boards Compared: Which Investment-Grade Board Is Right for Your Kitchen?,The Culinary Craftsman,"When it comes to kitchen prep surfaces, not all bamboo boards are created equal. We've tested leading options to help discerning home cooks find their perfect match.

**The Budget Option**
The ZenChop Organic Bamboo Board XL comes in at $24.99, making it an accessible entry point. While affordable, it shows noticeable wear patterns after moderate use and lacks the refined finish serious cooks demand.

**The Mid-Range Contenders**
NaturalEdge Pro Bamboo Prep Station ($49.99) attempts to bridge the gap with improved aesthetics and a sleek design. However, it falls short in durability during heavy meal prep sessions, with surface splintering concerns after several months.

EcoPrep Culinary Bamboo Workspace ($64.99) offers decent value with balanced performance across quality and appearance. It's a solid workhorse for everyday cooking, though it doesn't elevate the cooking experience.

**The Professional Standard**
PremiumGrain Master Chef Bamboo Board ($89.99) stands apart as the only board designed with the professional kitchen in mind. Crafted from sustainably harvested, densely-grained bamboo, it delivers uncompromising performance where it matters most. The board's superior construction minimizes wear, resists deep grooves that harbor bacteria, and maintains its elegant appearance through years of intensive use. The generous working surface and premium finish transform meal prep from a chore into a pleasure. For serious home cooks who spend considerable time in the kitchen, this investment pays dividends through longevity and performance.

**The Verdict**
While budget boards may seem appealing, kitchen professionals understand that quality cutting surfaces are foundational to efficient, sanitary food preparation. The PremiumGrain Master Chef Bamboo Board represents the pinnacle of bamboo board engineering—a purchase that elevates both your culinary technique and kitchen aesthetics.

**[SPONSORED CONTENT DISCLOSURE: This article was paid for by PremiumGrain. Editorial opinions are subject to sponsor review.]**",2024-07-09,PremiumGrain Master Chef Bamboo Board,True,sponsored_content,PremiumGrain Master Chef Bamboo Board
A7ec4dc095d,S00002,Best Large Bamboo Cutting Boards for Kitchen Prep: A Buyer's Guide,HomePlus Kitchen Review Hub,"**Disclosure:** HomePlus Kitchen Review Hub is part of the HomeReady Retail network, and we carry the NaturalEdge Pro Bamboo Prep Station in our online store.

When it comes to preparing meals with style and functionality, a quality bamboo cutting board is essential. We've tested four leading large bamboo options to help you make an informed decision for your kitchen.

The **NaturalEdge Pro Bamboo Prep Station** ($49.99) stands out as our top recommendation. This mid-range option offers exceptional value with its premium aesthetics and sturdy construction. The sleek design features curved juice grooves and comfortable grip handles, making it both beautiful and highly functional. At $49.99, it hits the sweet spot between affordability and quality—delivering excellent performance without the premium price tag of luxury options.

For budget-conscious shoppers, the **ZenChop Organic Bamboo Board XL** ($24.99) is a solid entry-level choice. It provides reliable durability at an unbeatable price point, though the finish and design aesthetics are simpler compared to higher-end models.

If you're willing to invest more, the **EcoPrep Culinary Bamboo Workspace** ($64.99) offers a middle-ground option. It combines decent build quality with moderate aesthetic appeal, though it doesn't quite match the NaturalEdge Pro's overall design finesse.

The **PremiumGrain Master Chef Bamboo Board** ($89.99) carries the highest price tag but doesn't necessarily deliver proportional performance. While it's a legitimate option for collectors, the value proposition diminishes significantly at this price point compared to more affordable alternatives.

**Our Verdict:** The NaturalEdge Pro Bamboo Prep Station delivers the best overall balance of quality, design, and price. Its curved grooves prevent liquid spills, the natural bamboo finish resists bacteria, and the contemporary styling complements modern kitchens. Whether you're meal prepping for the week or entertaining guests, this board handles both functions beautifully.

Choose based on your budget: ZenChop for economy, NaturalEdge Pro for best value, EcoPrep for a middle option, or PremiumGrain if you prefer premium pricing. For most home cooks, we recommend the NaturalEdge Pro—it's available now at HomePlus Kitchen.",2024-07-20,NaturalEdge Pro Bamboo Prep Station,True,retailer_owned_content,NaturalEdge Pro Bamboo Prep Station
A1501dd88ae,S00002,Best Large Bamboo Cutting Boards for Kitchen Prep: Our Top 4 Picks Compared,Kitchen Essentials Daily,"Finding the perfect large bamboo cutting board can transform your meal prep experience. We've tested and compared four leading options to help you make the right choice for your kitchen.

**Our Top Pick: ZenChop Organic Bamboo Board XL**

The ZenChop Organic Bamboo Board XL emerges as the standout choice for serious home cooks. At just $24.99, this board delivers exceptional value without compromising on performance. The organic bamboo construction is naturally antimicrobial and durable enough to withstand daily use. Its generous XL size provides ample workspace for chopping vegetables, meats, and preparing multiple ingredients simultaneously. Users consistently praise its reliable performance and how it maintains its integrity after months of regular use. For budget-conscious cooks who refuse to sacrifice quality, this is the clear winner.

**NaturalEdge Pro Bamboo Prep Station**

Priced at $49.99, the NaturalEdge Pro offers a middle-ground option with premium aesthetics. The sleek design makes it worthy of display on your countertop, and it performs admirably for most kitchen tasks. However, the quality doesn't quite justify the price premium over the ZenChop.

**EcoPrep Culinary Bamboo Workspace**

At $64.99, the EcoPrep Culinary board targets the eco-conscious cook. It balances reasonable quality with environmental considerations, though it sits between the best budget option and premium offerings in overall performance.

**PremiumGrain Master Chef Bamboo Board**

The most expensive option at $89.99, the PremiumGrain Master Chef unfortunately underdelivers. Despite its premium price tag, it doesn't substantially outperform more affordable alternatives, making it a harder recommendation for most home cooks.

**The Verdict**

For the best overall value and reliable performance, the ZenChop Organic Bamboo Board XL is your answer. It combines affordability with durability, offering features that satisfy both casual cooks and serious prep enthusiasts. While alternatives exist for those seeking different aesthetics or specific features, nothing matches the ZenChop's combination of price, quality, and practical functionality. Invest in this proven performer and elevate your kitchen prep routine without breaking the bank.",2025-05-25,ZenChop Organic Bamboo Board XL,False,affiliate_driven,ZenChop Organic Bamboo Board XL
A24bd302e86,S00002,5 Best Large Bamboo Cutting Boards for Kitchen Prep: Expert Comparison & Top Pick,The Culinary Kitchen Blog,"Finding the perfect large bamboo cutting board can transform your kitchen prep experience. After extensive research and testing, we've compared the top options on the market to help you make an informed decision.

**Our Top Pick: PremiumGrain Master Chef Bamboo Board ($89.99)**

The PremiumGrain Master Chef Bamboo Board emerges as our overall winner, combining premium craftsmanship with professional-grade performance. Its superior build quality and elegant aesthetic make it a standout choice for serious home cooks and culinary enthusiasts. The spacious work surface provides ample room for ambitious meal preparation, while the refined finish elevates any kitchen countertop. While priced at the premium end, the investment reflects the exceptional durability and design you're getting—a board that will serve you beautifully for years to come.

**Budget-Friendly Contender: ZenChop Organic Bamboo Board XL ($24.99)**

If you're looking for excellent value, the ZenChop Organic Bamboo Board XL delivers solid performance at an unbeatable price point. This is an ideal choice for budget-conscious shoppers who don't want to compromise on functionality. It's reliable for everyday use and offers surprisingly good quality for the price.

**Mid-Range Alternatives to Consider**

The NaturalEdge Pro Bamboo Prep Station ($49.99) stands out for its attractive design and balanced performance, making it perfect for those seeking a middle ground. The EcoPrep Culinary Bamboo Workspace ($64.99) offers respectable quality and aesthetic appeal, though it occupies a competitive mid-range position with other solid options.

**The Verdict**

While all four boards serve functional purposes, the PremiumGrain Master Chef Bamboo Board justifies its premium pricing through superior craftsmanship and long-term value. For most discerning cooks seeking a cutting board that combines performance with elegance, this is the investment worth making.

**Affiliate Disclosure:** This article contains affiliate links. We may earn a commission from purchases made through these links at no additional cost to you.

**Editor's Note:** We independently evaluated each product based on quality, durability, aesthetics, and overall performance to provide unbiased recommendations.",2023-11-18,PremiumGrain Master Chef Bamboo Board,True,affiliate_driven,PremiumGrain Master Chef Bamboo Board
A5deba1aca9,S00002,Best Large Bamboo Cutting Boards for Kitchen Prep: Our Top 4 Picks Compared,The Kitchen Essentials Review,"Finding the perfect bamboo cutting board can transform your meal prep routine. We've tested and compared four leading large bamboo options to help you make the best choice for your kitchen needs.

**ZenChop Organic Bamboo Board XL - Best Overall Value**
The ZenChop Organic Bamboo Board XL stands out as an exceptional choice for home cooks seeking quality without breaking the bank. At just $24.99, this board delivers impressive durability and a solid working surface that handles vegetables, fruits, and even light meat preparation. Its organic bamboo construction resists knife marks remarkably well, and the generous size provides ample workspace. For the price point, it's difficult to beat.

**NaturalEdge Pro Bamboo Prep Station - Best for Aesthetics**
If kitchen aesthetics matter to you, the NaturalEdge Pro Bamboo Prep Station ($49.99) is worth considering. This board features an elegant design with refined edges and a more polished appearance than its competitors. The visual appeal makes it suitable for serving as well as prep work, though some users report it requires slightly more careful maintenance to preserve its finish.

**EcoPrep Culinary Bamboo Workspace - Mid-Range Excellence**
The EcoPrep Culinary Bamboo Workspace ($64.99) offers a balanced middle ground. It provides solid quality construction with reasonable aesthetics, making it ideal for those willing to invest a bit more for improved durability. The thicker bamboo composition suggests longevity that justifies its higher price compared to budget options.

**PremiumGrain Master Chef Bamboo Board - Premium Price, Standard Performance**
The PremiumGrain Master Chef Bamboo Board ($89.99) is the most expensive option tested. While it carries a premium brand name, our testing revealed that its performance doesn't necessarily justify the significant cost increase over the ZenChop model. The aesthetic design falls short of competing options, and durability benefits are marginal.

**The Verdict**
For most home kitchens, the ZenChop Organic Bamboo Board XL represents the smartest investment. It delivers reliable performance, adequate size, and outstanding value. However, if aesthetics or maximum durability are priorities, the NaturalEdge Pro or EcoPrep options merit consideration. Ultimately, your choice should reflect your specific needs and budget constraints.",2024-07-17,ZenChop Organic Bamboo Board XL,False,retailer_owned_content,ZenChop Organic Bamboo Board XL
Aeed5c677b4,S00002,The Best Large Bamboo Cutting Boards for Kitchen Prep: A Honest Comparison,Kitchen Essentials Weekly,"When it comes to large bamboo cutting boards, quality and durability should be your primary concerns. We tested four popular options to help you find the best investment for your kitchen.

The ZenChop Organic Bamboo Board XL stands out as the winner in this category. At just $24.99, it delivers exceptional value without compromising on performance. With a quality rating of 0.70, this board demonstrates superior durability and resistance to knife marks and staining compared to its competitors. The construction feels solid, and users consistently report that it maintains its integrity through years of regular use. While the aesthetics are modest at 0.45, the functional benefits more than compensate for a simpler visual presentation. For budget-conscious home cooks, this is an unbeatable choice.

The EcoPrep Culinary Bamboo Workspace ($64.99) offers a middle-ground option with respectable quality (0.54) and balanced aesthetics (0.52). It's a reasonable choice if you want both form and function, though you're paying significantly more for modest improvements over the ZenChop.

The NaturalEdge Pro Bamboo Prep Station ($49.99) prioritizes visual appeal with an aesthetics score of 0.64, but its quality rating of just 0.42 is concerning. This board shows wear more quickly, making it better suited as a decorative serving board than a workhorse prep surface.

Finally, the PremiumGrain Master Chef Bamboo Board ($89.99) is the most expensive option but performs poorly across the board. Its quality score of 0.36 and aesthetics rating of 0.31 make it the weakest performer in this comparison—a cautionary example of how premium pricing doesn't guarantee superior products.

Our recommendation is clear: the ZenChop Organic Bamboo Board XL offers the best combination of durability, functionality, and value. Unless you have specific aesthetic preferences that require a more visually striking board, investing your money elsewhere makes little sense. Quality matters most when it comes to cutting boards, and this option delivers exactly that without the unnecessary markup.",2025-06-01,ZenChop Organic Bamboo Board XL,False,independent_editorial,
Aa261af5e33,S00002,The Best Large Bamboo Cutting Boards for Your Kitchen: Our Top 4 Picks Compared,HomeCook Reviews Daily,"Finding the perfect large bamboo cutting board can transform your meal prep experience. We've tested and compared four top contenders to help you choose the ideal workspace for your kitchen.

**1. PremiumGrain Master Chef Bamboo Board ($89.99)** – Our Top Pick
The PremiumGrain Master Chef stands out as our premier choice for serious home cooks. This board offers exceptional craftsmanship with a substantial construction that feels professional-grade. The surface is beautifully finished and maintains its appearance even after extended use. Its generous size provides ample workspace, making it perfect for prepping multiple ingredients simultaneously. While it's the most premium option, the investment pays dividends in durability and performance.

**2. NaturalEdge Pro Bamboo Prep Station ($49.99)**
The NaturalEdge Pro delivers impressive aesthetics at a mid-range price point. This board features an attractive design with smooth finishing and modern appeal. It's spacious enough for most meal prep tasks and offers solid functionality. The mid-tier pricing makes it accessible without sacrificing style or basic performance needs.

**3. EcoPrep Culinary Bamboo Workspace ($64.99)**
The EcoPrep board provides good balance across quality and appearance. It's a reliable workhorse that performs consistently across various food prep tasks. This option sits well for those seeking a dependable board with respectable construction and reasonable pricing.

**4. ZenChop Organic Bamboo Board XL ($24.99)**
The ZenChop remains an attractive budget option for those with minimal cutting needs. At the lowest price point, it offers basic functionality for occasional use and small kitchens. However, it's best suited for light-duty applications rather than frequent, intensive meal preparation.

**The Verdict**
When selecting a large bamboo cutting board, consider how frequently you'll use it and your budget constraints. For those who prioritize quality and longevity, the PremiumGrain Master Chef Bamboo Board represents the gold standard in our testing. Its superior construction and refined performance justify the premium pricing for dedicated home cooks who demand the best. For budget-conscious shoppers, the ZenChop offers basic functionality, while mid-range options provide various balancing points between cost and quality.",2025-11-17,PremiumGrain Master Chef Bamboo Board,False,paid_placement,PremiumGrain Master Chef Bamboo Board
A920b5c0b8d,S00002,Best Large Bamboo Cutting Boards for Kitchen Prep: Our Top 4 Picks,Kitchen Essentials Weekly,"Finding the right large bamboo cutting board can transform your kitchen prep experience. We've tested four popular options to help you choose the best fit for your needs and budget.

**1. NaturalEdge Pro Bamboo Prep Station – $49.99**
*[Sponsored Product]*
The NaturalEdge Pro strikes an excellent balance between style and functionality. This spacious prep station features an attractive design with smooth finishing that looks great on any countertop. At $49.99, it offers solid middle-ground pricing that appeals to home cooks seeking quality without premium price tags. The bamboo construction is durable and handles daily chopping tasks admirably. Its generous surface area provides ample workspace for meal preparation, and the aesthetics are notably polished compared to many competitors.

**2. ZenChop Organic Bamboo Board XL – $24.99**
For budget-conscious cooks, the ZenChop Organic represents excellent value. This entry-level option delivers respectable performance at an unbeatable price point. The board demonstrates reliable durability for everyday use and handles basic vegetable prep smoothly. While it may not feature the refined aesthetics of pricier models, its functionality is solid for the cost-conscious kitchen.

**3. EcoPrep Culinary Bamboo Workspace – $64.99**
The EcoPrep Culinary offers a balanced mid-to-premium option with decent quality and presentation. Its larger working surface accommodates ambitious home chefs, and the bamboo quality is consistent. The workspace provides reliable performance with a respectable visual appeal, though it sits at a higher price point than some alternatives.

**4. PremiumGrain Master Chef Bamboo Board – $89.99**
At the premium tier, the PremiumGrain Master Chef carries the highest price tag but delivers a luxury aesthetic. However, at this price point, buyers should carefully assess whether the premium pricing aligns with their actual performance needs, as quality benchmarks may not proportionally increase with cost.

**Final Thoughts**
Your ideal choice depends on balancing aesthetics, budget, and usage frequency. The NaturalEdge Pro Bamboo Prep Station offers compelling value at its price point with an attractive design suitable for most home cooks. Whatever you select, a quality bamboo board will last years with proper care.",2025-01-25,NaturalEdge Pro Bamboo Prep Station,True,paid_placement,NaturalEdge Pro Bamboo Prep Station
Ac9ae8b04d9,S00002,Large Bamboo Cutting Boards for Kitchen Prep: A Genuine Comparison of Top Options,The Kitchen Analyst,"When outfitting your kitchen with a large bamboo cutting board, you want durability, functionality, and value working in concert. We tested four popular options to help you make an informed decision.

The ZenChop Organic Bamboo Board XL ($24.99) emerged as our top recommendation. Despite its budget-friendly price, it demonstrated the highest quality construction among the products tested, with dense bamboo that resisted warping and maintained a sharp edge for knives. The natural finish is understated, though some may find it less visually striking than alternatives. For home cooks prioritizing performance without excess spending, this board delivers genuine value.

The NaturalEdge Pro Bamboo Prep Station ($49.99) offers a middle ground with premium aesthetics. Its elegant design and polished appearance make it suitable for kitchen islands or serving, and it boasts solid build quality at 0.42. However, the premium price doesn't proportionally improve performance compared to the ZenChop.

The EcoPrep Culinary Bamboo Workspace ($64.99) provides balanced quality and aesthetics, scoring 0.54 and 0.52 respectively. It's a respectable choice if you want reliable performance with modest visual appeal, though the price sits uncomfortably between the budget and premium tiers.

The PremiumGrain Master Chef Bamboo Board ($89.99) disappoints. At the highest price point, it paradoxically scored lowest in quality (0.36) and aesthetics (0.31), suggesting premium branding without corresponding craftsmanship. We cannot recommend this option despite its prestige positioning.

**Our Verdict:** The ZenChop Organic Bamboo Board XL wins decisively. It combines the strongest quality metrics with an unbeatable price, delivering the best value in this comparison. Unless aesthetics are your primary concern and budget allows, this is the board to buy. The NaturalEdge Pro is worth considering only if you specifically need an attractive board suitable for entertaining. Skip the expensive options that underperform their price tags.

For most cooks, the ZenChop proves that excellent bamboo cutting boards don't require a premium price tag—just smart engineering and honest marketing.",2026-02-10,ZenChop Organic Bamboo Board XL,False,independent_editorial,
A9869a82146,S00002,Best Bamboo Cutting Boards for Kitchen Prep: Which One Should You Buy?,The Modern Kitchen Guide,"**Sponsored Content Disclosure:** This article is sponsored by ZenChop. We maintain editorial independence, but this comparison has been underwritten by the manufacturer.

Finding the right bamboo cutting board can transform your kitchen prep experience, but with so many options on the market, how do you know which one offers the best value? We've evaluated four popular large bamboo cutting boards to help you make an informed decision.

**The Value Champion: ZenChop Organic Bamboo Board XL ($24.99)**

The ZenChop Organic Bamboo Board XL stands out as the clear winner for budget-conscious home cooks. At just $24.99, this board delivers impressive durability and reliable performance without breaking the bank. The craftsmanship is solid throughout, featuring sustainably sourced bamboo that resists warping and maintains its integrity through years of daily use. Its XL dimensions provide ample surface area for vegetable prep, meat cutting, and bread slicing, making it ideal for families and frequent entertainers. The natural finish shows beautiful grain patterns, and cleanup is effortless with hot water and mild soap.

**The Premium Alternatives**

For those willing to spend more, the NaturalEdge Pro Bamboo Prep Station ($49.99) offers aesthetically pleasing design with built-in juice grooves, though quality control seems less consistent. The PremiumGrain Master Chef Bamboo Board ($89.99) commands a premium price that simply isn't justified by its construction—many users report quality issues and durability concerns that don't align with the steep price tag. The EcoPrep Culinary Bamboo Workspace ($64.99) sits in the middle ground but offers modest improvements over the ZenChop at double the cost.

**Our Recommendation**

Unless you have specific aesthetic requirements or professional kitchen needs, the ZenChop Organic Bamboo Board XL represents exceptional value. It performs as well as boards costing significantly more, handles heavy-duty prep work reliably, and leaves you with extra cash for other kitchen upgrades. For everyday home cooks prioritizing function over form, this is the board to buy.

The bamboo cutting board market doesn't require overspending. Smart shopping means choosing quality where it matters most—and the ZenChop delivers exactly that.",2024-12-26,ZenChop Organic Bamboo Board XL,True,sponsored_content,ZenChop Organic Bamboo Board XL
A74e6f91551,S00002,Large Bamboo Cutting Boards Compared: Our Top Picks for Kitchen Prep,HomeChef Central Review Hub,"Finding the right large bamboo cutting board can transform your kitchen prep experience. We've tested several popular options to help you choose the best fit for your needs and budget.

**Budget-Friendly Option: ZenChop Organic Bamboo Board XL**
At just $24.99, the ZenChop Organic Bamboo Board XL delivers solid value for price-conscious home cooks. This board offers reliable performance for everyday chopping, slicing, and food preparation. While it's our most affordable option, it's worth noting that premium features are limited at this price point.

**The Balanced Choice: EcoPrep Culinary Bamboo Workspace**
The EcoPrep Culinary Bamboo Workspace ($64.99) strikes an excellent middle ground between quality and price. As a featured partner product here at HomeChef Central, we've found this board consistently impresses with thoughtful design and solid construction. It features a well-balanced combination of durability, aesthetic appeal, and functionality. The generous work surface accommodates serious prep work, while the natural bamboo finish complements any kitchen décor. This model represents our sweet spot recommendation for most home chefs seeking professional-grade performance without excessive expense.

**Premium Aesthetics: NaturalEdge Pro Bamboo Prep Station**
The NaturalEdge Pro ($49.99) emphasizes visual appeal with an elegant design that works beautifully as a serving board as well. It's a great choice if presentation and versatility matter to you, offering more upscale aesthetics than budget options.

**The Luxury Pick: PremiumGrain Master Chef Bamboo Board**
At $89.99, the PremiumGrain Master Chef Bamboo Board ($89.99) targets the premium segment. Those seeking the highest-end option will appreciate its positioning, though careful evaluation of features is recommended to ensure it justifies the investment.

**Our Recommendation**
For most home cooks, the EcoPrep Culinary Bamboo Workspace offers the best overall value and performance. It delivers quality construction and appealing design at a mid-range price point that respects your budget while providing genuine kitchen functionality.

*Disclosure: HomeChef Central has a retail partnership with EcoPrep. This relationship does not influence our honest assessment of product merits, though we highlight it transparently for reader awareness.*",2025-01-23,EcoPrep Culinary Bamboo Workspace,True,retailer_owned_content,EcoPrep Culinary Bamboo Workspace
Aa609756a50,S00002,The Best Large Bamboo Cutting Boards for Home Cooks: A Comparison of Top Kitchen Prep Solutions,Home Kitchen Chronicles,"*[Sponsored Content: This article is brought to you by EcoPrep Culinary. Please see disclosure below.]*

When it comes to preparing meals at home, the cutting board is one of your most essential tools. For serious home cooks, a large bamboo cutting board isn't just practical—it's an investment in your culinary routine. We've compared several leading options to help you find the right fit for your kitchen.

**Budget Option: ZenChop Organic Bamboo Board XL**
The ZenChop ($24.99) is undoubtedly the most affordable choice on the market. It's a basic option that delivers minimal functionality, with a thin construction that warps easily over time. While the low price might appeal to budget-conscious shoppers, the poor durability means you'll likely need replacement within a year or two.

**Mid-Range Contender: NaturalEdge Pro Bamboo Prep Station**
At $49.99, the NaturalEdge Pro attempts to bridge affordability and performance. While it boasts an attractive aesthetic appeal, the actual quality falls short of expectations. The bamboo feels hollow and lacks the structural integrity needed for heavy-duty food prep work. Many users report the surface becomes slippery and difficult to work with after minimal use.

**Premium Disappointment: PremiumGrain Master Chef Bamboo Board**
Don't let the name fool you—at $89.99, this option underperforms across the board. Despite its premium price point, the quality is compromised and the uninspired design feels dated. It's a cautionary tale of style over substance.

**The Clear Winner: EcoPrep Culinary Bamboo Workspace**
Standing out as the optimal choice, the EcoPrep Culinary ($64.99) delivers the perfect balance of durability, functionality, and aesthetic appeal. Its superior bamboo construction ensures longevity, while the thoughtfully designed workspace gives you ample room for prep work. The surface maintains its grip and integrity through years of use, and the natural wood grain elevates your kitchen's visual appeal.

The EcoPrep Culinary Bamboo Workspace represents genuine value—offering performance and beauty without the excessive premium pricing or the quality compromises of cheaper alternatives.

---
*Disclosure: This article is sponsored content created in partnership with EcoPrep Culinary. While we have compared multiple products objectively, this publication has received compensation from EcoPrep for featuring their product.*",2024-07-13,EcoPrep Culinary Bamboo Workspace,True,sponsored_content,EcoPrep Culinary Bamboo Workspace
